{
  "nm": "Doughnut Animation",
  "ddd": 0,
  "h": 500,
  "w": 500,
  "meta": {
    "g": "@lottiefiles/toolkit-js 0.49.2"
  },
  "layers": [
    {
      "ty": 4,
      "nm": "Large Light Blue Doughnut",
      "sr": 1,
      "st": 0,
      "op": 24,
      "ip": 0,
      "hd": false,
      "ddd": 0,
      "bm": 0,
      "hasMask": false,
      "ao": 0,
      "ks": {
        "a": {
          "a": 0,
          "k": [
            0,
            0,
            0
          ]
        },
        "s": {
          "a": 1,
          "k": [
            {
              "o": {
                "x": 0.33,
                "y": 0
              },
              "i": {
                "x": 0.67,
                "y": 1
              },
              "s": [
                270,
                270
              ],
              "t": 0
            },
            {
              "s": [
                80,
                80
              ],
              "t": 24
            }
          ]
        },
        "sk": {
          "a": 0,
          "k": 0
        },
        "p": {
          "a": 1,
          "k": [
            {
              "o": {
                "x": 0.33,
                "y": 0
              },
              "i": {
                "x": 0.67,
                "y": 1
              },
              "s": [
                88.5792,
                98.1964
              ],
              "t": 0
            },
            {
              "s": [
                12.5919,
                385
              ],
              "t": 24
            }
          ]
        },
        "r": {
          "a": 0,
          "k": 0
        },
        "sa": {
          "a": 0,
          "k": 0
        },
        "o": {
          "a": 0,
          "k": 100
        }
      },
      "shapes": [
        {
          "ty": "el",
          "bm": 0,
          "hd": false,
          "nm": "Ellipse Path 1",
          "d": 1,
          "p": {
            "a": 0,
            "k": [
              0,
              0
            ]
          },
          "s": {
            "a": 0,
            "k": [
              150,
              150
            ]
          }
        },
        {
          "ty": "fl",
          "bm": 0,
          "hd": false,
          "nm": "Fill 1",
          "c": {
            "a": 0,
            "k": [
              1,
              1,
              1
            ]
          },
          "r": 2,
          "o": {
            "a": 0,
            "k": 100
          }
        },
        {
          "ty": "st",
          "bm": 0,
          "hd": false,
          "nm": "Stroke 1",
          "lc": 2,
          "lj": 2,
          "ml": 1,
          "o": {
            "a": 0,
            "k": 0
          },
          "w": {
            "a": 0,
            "k": 0
          },
          "c": {
            "a": 0,
            "k": [
              0,
              0,
              0,
              0
            ]
          }
        }
      ],
      "ind": 1
    },
    {
      "ty": 4,
      "nm": "Large Light Blue Doughnut",
      "sr": 1,
      "st": 0,
      "op": 24,
      "ip": 0,
      "hd": false,
      "ddd": 0,
      "bm": 0,
      "hasMask": false,
      "ao": 0,
      "ks": {
        "a": {
          "a": 0,
          "k": [
            0,
            0,
            0
          ]
        },
        "s": {
          "a": 1,
          "k": [
            {
              "o": {
                "x": 0.33,
                "y": 0
              },
              "i": {
                "x": 0.67,
                "y": 1
              },
              "s": [
                340,
                340
              ],
              "t": 0
            },
            {
              "s": [
                135,
                135
              ],
              "t": 24
            }
          ]
        },
        "sk": {
          "a": 0,
          "k": 0
        },
        "p": {
          "a": 1,
          "k": [
            {
              "o": {
                "x": 0.33,
                "y": 0
              },
              "i": {
                "x": 0.67,
                "y": 1
              },
              "s": [
                88.5792,
                98.1964
              ],
              "t": 0
            },
            {
              "s": [
                12.5919,
                385
              ],
              "t": 24
            }
          ]
        },
        "r": {
          "a": 0,
          "k": 0
        },
        "sa": {
          "a": 0,
          "k": 0
        },
        "o": {
          "a": 0,
          "k": 100
        }
      },
      "shapes": [
        {
          "ty": "el",
          "bm": 0,
          "hd": false,
          "nm": "Ellipse Path 1",
          "d": 1,
          "p": {
            "a": 0,
            "k": [
              0,
              0
            ]
          },
          "s": {
            "a": 0,
            "k": [
              150,
              150
            ]
          }
        },
        {
          "ty": "fl",
          "bm": 0,
          "hd": false,
          "nm": "Fill 1",
          "c": {
            "a": 0,
            "k": [
              0.0235,
              0.6667,
              0.8706
            ]
          },
          "r": 2,
          "o": {
            "a": 0,
            "k": 21
          }
        },
        {
          "ty": "st",
          "bm": 0,
          "hd": false,
          "nm": "Stroke 1",
          "lc": 2,
          "lj": 2,
          "ml": 1,
          "o": {
            "a": 0,
            "k": 0
          },
          "w": {
            "a": 0,
            "k": 0
          },
          "c": {
            "a": 0,
            "k": [
              0,
              0,
              0,
              0
            ]
          }
        }
      ],
      "ind": 2
    },
    {
      "ty": 4,
      "nm": "Large Light Blue Doughnut",
      "sr": 1,
      "st": 0,
      "op": 24,
      "ip": 0,
      "hd": false,
      "ddd": 0,
      "bm": 0,
      "hasMask": false,
      "ao": 0,
      "ks": {
        "a": {
          "a": 0,
          "k": [
            0,
            0,
            0
          ]
        },
        "s": {
          "a": 1,
          "k": [
            {
              "o": {
                "x": 0.33,
                "y": 0
              },
              "i": {
                "x": 0.67,
                "y": 1
              },
              "s": [
                80,
                80
              ],
              "t": 0
            },
            {
              "s": [
                270,
                270
              ],
              "t": 24
            }
          ]
        },
        "sk": {
          "a": 0,
          "k": 0
        },
        "p": {
          "a": 1,
          "k": [
            {
              "o": {
                "x": 0.33,
                "y": 0
              },
              "i": {
                "x": 0.67,
                "y": 1
              },
              "s": [
                460,
                385
              ],
              "t": 0
            },
            {
              "s": [
                460,
                70
              ],
              "t": 24
            }
          ]
        },
        "r": {
          "a": 0,
          "k": 0
        },
        "sa": {
          "a": 0,
          "k": 0
        },
        "o": {
          "a": 0,
          "k": 100
        }
      },
      "shapes": [
        {
          "ty": "el",
          "bm": 0,
          "hd": false,
          "nm": "Ellipse Path 1",
          "d": 1,
          "p": {
            "a": 0,
            "k": [
              0,
              0
            ]
          },
          "s": {
            "a": 0,
            "k": [
              150,
              150
            ]
          }
        },
        {
          "ty": "fl",
          "bm": 0,
          "hd": false,
          "nm": "Fill 1",
          "c": {
            "a": 0,
            "k": [
              1,
              1,
              1
            ]
          },
          "r": 2,
          "o": {
            "a": 0,
            "k": 100
          }
        },
        {
          "ty": "st",
          "bm": 0,
          "hd": false,
          "nm": "Stroke 1",
          "lc": 2,
          "lj": 2,
          "ml": 1,
          "o": {
            "a": 0,
            "k": 0
          },
          "w": {
            "a": 0,
            "k": 0
          },
          "c": {
            "a": 0,
            "k": [
              0,
              0,
              0,
              0
            ]
          }
        }
      ],
      "ind": 3
    },
    {
      "ty": 4,
      "nm": "Large Light Blue Doughnut",
      "sr": 1,
      "st": 0,
      "op": 24,
      "ip": 0,
      "hd": false,
      "ddd": 0,
      "bm": 0,
      "hasMask": false,
      "ao": 0,
      "ks": {
        "a": {
          "a": 0,
          "k": [
            0,
            0,
            0
          ]
        },
        "s": {
          "a": 1,
          "k": [
            {
              "o": {
                "x": 0.33,
                "y": 0
              },
              "i": {
                "x": 0.67,
                "y": 1
              },
              "s": [
                135,
                135
              ],
              "t": 0
            },
            {
              "s": [
                340,
                340
              ],
              "t": 24
            }
          ]
        },
        "sk": {
          "a": 0,
          "k": 0
        },
        "p": {
          "a": 1,
          "k": [
            {
              "o": {
                "x": 0.33,
                "y": 0
              },
              "i": {
                "x": 0.67,
                "y": 1
              },
              "s": [
                460,
                385
              ],
              "t": 0
            },
            {
              "s": [
                457,
                70
              ],
              "t": 24
            }
          ]
        },
        "r": {
          "a": 0,
          "k": 0
        },
        "sa": {
          "a": 0,
          "k": 0
        },
        "o": {
          "a": 0,
          "k": 100
        }
      },
      "shapes": [
        {
          "ty": "el",
          "bm": 0,
          "hd": false,
          "nm": "Ellipse Path 1",
          "d": 1,
          "p": {
            "a": 0,
            "k": [
              0,
              0
            ]
          },
          "s": {
            "a": 0,
            "k": [
              150,
              150
            ]
          }
        },
        {
          "ty": "fl",
          "bm": 0,
          "hd": false,
          "nm": "Fill 1",
          "c": {
            "a": 0,
            "k": [
              0.0667,
              0.2118,
              0.6118
            ]
          },
          "r": 2,
          "o": {
            "a": 0,
            "k": 21
          }
        },
        {
          "ty": "st",
          "bm": 0,
          "hd": false,
          "nm": "Stroke 1",
          "lc": 2,
          "lj": 2,
          "ml": 1,
          "o": {
            "a": 0,
            "k": 0
          },
          "w": {
            "a": 0,
            "k": 0
          },
          "c": {
            "a": 0,
            "k": [
              0,
              0,
              0,
              0
            ]
          }
        }
      ],
      "ind": 4
    }
  ],
  "v": "5.7.0",
  "fr": 30,
  "op": 30,
  "ip": 0,
  "assets": []
}