{
  "nm": "Main Scene",
  "ddd": 0,
  "h": 500,
  "w": 500,
  "meta": { "g": "@lottiefiles/creator 1.19.0" },
  "layers": [
    {
      "ty": 0,
      "nm": " Doughnut Animation",
      "sr": 1,
      "st": 0,
      "op": 37,
      "ip": 0,
      "hd": false,
      "ddd": 0,
      "bm": 0,
      "hasMask": false,
      "ao": 0,
      "ks": {
        "a": { "a": 0, "k": [198, 198] },
        "s": { "a": 0, "k": [100, 100] },
        "sk": { "a": 0, "k": 0 },
        "p": { "a": 0, "k": [199, 80] },
        "r": { "a": 0, "k": 0 },
        "sa": { "a": 0, "k": 0 },
        "o": { "a": 0, "k": 100 }
      },
      "ef": [],
      "w": 500,
      "h": 500,
      "refId": "precomp_Doughnut Animation_52ab0355-fa86-4430-bc8b-5e9661365c55",
      "ind": 1
    }
  ],
  "v": "5.7.0",
  "fr": 30,
  "op": 49.96,
  "ip": 0,
  "assets": [
    {
      "nm": "Doughnut Animation",
      "id": "precomp_Doughnut Animation_52ab0355-fa86-4430-bc8b-5e9661365c55",
      "layers": [
        {
          "ty": 4,
          "nm": "Large Light Blue Doughnut",
          "sr": 1,
          "st": 0,
          "op": 49.96,
          "ip": 0,
          "hd": false,
          "ddd": 0,
          "bm": 0,
          "hasMask": false,
          "ao": 0,
          "ks": {
            "a": { "a": 0, "k": [0, 0, 0] },
            "s": {
              "a": 1,
              "k": [
                {
                  "o": { "x": 0.33, "y": 0 },
                  "i": { "x": 0.67, "y": 1 },
                  "s": [257, 257],
                  "t": 0
                },
                {
                  "o": { "x": 0.167, "y": 0.167 },
                  "i": { "x": 0.833, "y": 0.833 },
                  "s": [128, 128],
                  "t": 18
                },
                {
                  "o": { "x": 0.167, "y": 0.167 },
                  "i": { "x": 0.833, "y": 0.833 },
                  "s": [111, 111],
                  "t": 99.14
                },
                { "s": [80, 80, 100], "t": 100.04 }
              ]
            },
            "sk": { "a": 0, "k": 0 },
            "p": {
              "a": 1,
              "k": [
                {
                  "o": { "x": 0.33, "y": 0 },
                  "i": { "x": 0.67, "y": 1 },
                  "s": [82, 59],
                  "t": 0
                },
                {
                  "o": { "x": 0.167, "y": 0.167 },
                  "i": { "x": 0.833, "y": 0.833 },
                  "s": [40, 263],
                  "t": 18
                },
                {
                  "o": { "x": 0.167, "y": 0.167 },
                  "i": { "x": 0.833, "y": 0.833 },
                  "s": [17, 253],
                  "t": 99.14
                },
                { "s": [200, 400, 0], "t": 100.04 }
              ]
            },
            "r": { "a": 0, "k": 0 },
            "sa": { "a": 0, "k": 0 },
            "o": { "a": 0, "k": 100 }
          },
          "ef": [],
          "shapes": [
            {
              "ty": "el",
              "bm": 0,
              "hd": false,
              "nm": "Ellipse Path 1",
              "d": 1,
              "p": { "a": 0, "k": [0, 0] },
              "s": { "a": 0, "k": [150, 150] }
            },
            {
              "ty": "fl",
              "bm": 0,
              "hd": false,
              "nm": "Fill 1",
              "c": { "a": 0, "k": [0.0235, 0.6667, 0.8706] },
              "r": 2,
              "o": { "a": 0, "k": 21 }
            },
            {
              "ty": "st",
              "bm": 0,
              "hd": false,
              "nm": "Stroke 1",
              "lc": 2,
              "lj": 2,
              "ml": 1,
              "o": { "a": 0, "k": 0 },
              "w": { "a": 0, "k": 10 },
              "c": { "a": 0, "k": [0, 0, 0, 0] }
            }
          ],
          "ind": 1
        },
        {
          "ty": 4,
          "nm": "Small Dark Blue Doughnut",
          "sr": 1,
          "st": 0,
          "op": 49.96,
          "ip": 0,
          "hd": false,
          "ddd": 0,
          "bm": 0,
          "hasMask": false,
          "ao": 0,
          "ks": {
            "a": { "a": 0, "k": [0, 0, 0] },
            "s": {
              "a": 1,
              "k": [
                {
                  "o": { "x": 0.33, "y": 0 },
                  "i": { "x": 0.67, "y": 1 },
                  "s": [332, 332],
                  "t": 0
                },
                {
                  "o": { "x": 0.167, "y": 0.167 },
                  "i": { "x": 0.833, "y": 0.833 },
                  "s": [860, 860],
                  "t": 18
                },
                {
                  "o": { "x": 0.167, "y": 0.167 },
                  "i": { "x": 0.833, "y": 0.833 },
                  "s": [887, 887],
                  "t": 99.14
                },
                { "s": [150, 150, 100], "t": 100.04 }
              ]
            },
            "sk": { "a": 0, "k": 0 },
            "p": {
              "a": 1,
              "k": [
                {
                  "o": { "x": 0.33, "y": 0 },
                  "i": { "x": 0.67, "y": 1 },
                  "s": [462, 285],
                  "t": 0
                },
                {
                  "o": { "x": 0.167, "y": 0.167 },
                  "i": { "x": 0.833, "y": 0.833 },
                  "s": [428, 59],
                  "t": 18
                },
                {
                  "o": { "x": 0.167, "y": 0.167 },
                  "i": { "x": 0.833, "y": 0.833 },
                  "s": [414, 61],
                  "t": 99.14
                },
                { "s": [300, 200, 0], "t": 100.04 }
              ]
            },
            "r": { "a": 0, "k": 0 },
            "sa": { "a": 0, "k": 0 },
            "o": { "a": 0, "k": 100 }
          },
          "ef": [],
          "shapes": [
            {
              "ty": "el",
              "bm": 0,
              "hd": false,
              "nm": "Ellipse Path 1",
              "d": 1,
              "p": { "a": 0, "k": [0, 0] },
              "s": { "a": 0, "k": [50, 50] }
            },
            {
              "ty": "fl",
              "bm": 0,
              "hd": false,
              "nm": "Fill 1",
              "c": { "a": 0, "k": [0, 0, 0.8] },
              "r": 2,
              "o": { "a": 0, "k": 14.000000000000002 }
            },
            {
              "ty": "st",
              "bm": 0,
              "hd": false,
              "nm": "Stroke 1",
              "lc": 2,
              "lj": 2,
              "ml": 1,
              "o": { "a": 0, "k": 0 },
              "w": { "a": 0, "k": 10 },
              "c": { "a": 0, "k": [0, 0, 0, 0] }
            }
          ],
          "ind": 2
        }
      ]
    }
  ]
}
