{"v":"4.8.0","meta":{"g":"LottieFiles AE 1.0.0","a":"","k":"","d":"","tc":"#FFFFFF"},"fr":25,"ip":25,"op":55,"w":800,"h":800,"nm":"Loading #18","ddd":0,"assets":[{"id":"comp_0","layers":[{"ddd":0,"ind":1,"ty":4,"nm":"Line","sr":1,"ks":{"o":{"a":1,"k":[{"i":{"x":[0.453],"y":[1]},"o":{"x":[0.538],"y":[0]},"t":0,"s":[20]},{"i":{"x":[0.667],"y":[1]},"o":{"x":[0.538],"y":[0]},"t":15,"s":[100]},{"i":{"x":[0.453],"y":[1]},"o":{"x":[0.538],"y":[0]},"t":30,"s":[20]},{"i":{"x":[0.667],"y":[1]},"o":{"x":[0.538],"y":[0]},"t":45,"s":[100]},{"t":60,"s":[20]}],"ix":11},"r":{"a":0,"k":90,"ix":10},"p":{"a":0,"k":[400,400,0],"ix":2},"a":{"a":0,"k":[-175,46,0],"ix":1},"s":{"a":0,"k":[100,100,100],"ix":6}},"ao":0,"shapes":[{"ty":"gr","it":[{"ind":0,"ty":"sh","ix":1,"ks":{"a":0,"k":{"i":[[0,0],[-2,0]],"o":[[0,0],[2,0]],"v":[[-268,46],[-82,46]],"c":false},"ix":2},"nm":"Path 1","mn":"ADBE Vector Shape - Group","hd":false},{"ty":"st","c":{"a":0,"k":[0.749,0.7843,0.8196,1],"ix":3},"o":{"a":0,"k":100,"ix":4},"w":{"a":0,"k":39,"ix":5},"lc":2,"lj":2,"bm":0,"nm":"Stroke 1","mn":"ADBE Vector Graphic - Stroke","hd":false},{"ty":"tr","p":{"a":0,"k":[0,0],"ix":2},"a":{"a":0,"k":[0,0],"ix":1},"s":{"a":0,"k":[100,100],"ix":3},"r":{"a":0,"k":0,"ix":6},"o":{"a":0,"k":100,"ix":7},"sk":{"a":0,"k":0,"ix":4},"sa":{"a":0,"k":0,"ix":5},"nm":"Transform"}],"nm":"Shape 1","np":2,"cix":2,"bm":0,"ix":1,"mn":"ADBE Vector Group","hd":false},{"ty":"tm","s":{"a":1,"k":[{"i":{"x":[0.453],"y":[1]},"o":{"x":[0.538],"y":[0]},"t":0,"s":[45]},{"i":{"x":[0.667],"y":[1]},"o":{"x":[0.538],"y":[0]},"t":15,"s":[0]},{"i":{"x":[0.453],"y":[1]},"o":{"x":[0.538],"y":[0]},"t":30,"s":[45]},{"i":{"x":[0.453],"y":[1]},"o":{"x":[0.538],"y":[0]},"t":45,"s":[0]},{"t":60,"s":[45]}],"ix":1},"e":{"a":1,"k":[{"i":{"x":[0.453],"y":[1]},"o":{"x":[0.538],"y":[0]},"t":0,"s":[55]},{"i":{"x":[0.667],"y":[1]},"o":{"x":[0.538],"y":[0]},"t":15,"s":[100]},{"i":{"x":[0.453],"y":[1]},"o":{"x":[0.538],"y":[0]},"t":30,"s":[55]},{"i":{"x":[0.453],"y":[1]},"o":{"x":[0.538],"y":[0]},"t":45,"s":[100]},{"t":60,"s":[55]}],"ix":2},"o":{"a":0,"k":0,"ix":3},"m":1,"ix":2,"nm":"Trim Paths 1","mn":"ADBE Vector Filter - Trim","hd":false}],"ip":0,"op":125,"st":0,"bm":0}]}],"layers":[{"ddd":0,"ind":1,"ty":0,"nm":"Line 5","parent":3,"refId":"comp_0","sr":1,"ks":{"o":{"a":0,"k":100,"ix":11},"r":{"a":0,"k":0,"ix":10},"p":{"a":0,"k":[540,400,0],"ix":2},"a":{"a":0,"k":[400,400,0],"ix":1},"s":{"a":0,"k":[100,100,100],"ix":6}},"ao":0,"w":800,"h":800,"ip":25,"op":80,"st":25,"bm":0},{"ddd":0,"ind":2,"ty":0,"nm":"Line 4","parent":3,"refId":"comp_0","sr":1,"ks":{"o":{"a":0,"k":100,"ix":11},"r":{"a":0,"k":0,"ix":10},"p":{"a":0,"k":[470,400,0],"ix":2},"a":{"a":0,"k":[400,400,0],"ix":1},"s":{"a":0,"k":[100,100,100],"ix":6}},"ao":0,"w":800,"h":800,"ip":22,"op":77,"st":22,"bm":0},{"ddd":0,"ind":3,"ty":0,"nm":"Line 3","refId":"comp_0","sr":1,"ks":{"o":{"a":0,"k":100,"ix":11},"r":{"a":0,"k":0,"ix":10},"p":{"a":0,"k":[400,400,0],"ix":2},"a":{"a":0,"k":[400,400,0],"ix":1},"s":{"a":0,"k":[100,100,100],"ix":6}},"ao":0,"w":800,"h":800,"ip":19,"op":74,"st":19,"bm":0},{"ddd":0,"ind":4,"ty":0,"nm":"Line 2","parent":3,"refId":"comp_0","sr":1,"ks":{"o":{"a":0,"k":100,"ix":11},"r":{"a":0,"k":0,"ix":10},"p":{"a":0,"k":[330,400,0],"ix":2},"a":{"a":0,"k":[400,400,0],"ix":1},"s":{"a":0,"k":[100,100,100],"ix":6}},"ao":0,"w":800,"h":800,"ip":16,"op":71,"st":16,"bm":0},{"ddd":0,"ind":5,"ty":0,"nm":"Line 1","parent":3,"refId":"comp_0","sr":1,"ks":{"o":{"a":0,"k":100,"ix":11},"r":{"a":0,"k":0,"ix":10},"p":{"a":0,"k":[260,400,0],"ix":2},"a":{"a":0,"k":[400,400,0],"ix":1},"s":{"a":0,"k":[100,100,100],"ix":6}},"ao":0,"w":800,"h":800,"ip":13,"op":68,"st":13,"bm":0}],"markers":[]}