{"v":"5.8.1","fr":29.9700012207031,"ip":0,"op":57.0000023216576,"w":1080,"h":1080,"nm":"Comp 1","ddd":0,"assets":[],"layers":[{"ddd":0,"ind":5,"ty":4,"nm":"Load3 Outlines","sr":1,"ks":{"o":{"a":0,"k":100,"ix":11},"r":{"a":0,"k":0,"ix":10},"p":{"a":0,"k":[540,539,0],"ix":2,"l":2},"a":{"a":0,"k":[1518,1004.5,0],"ix":1,"l":2},"s":{"a":0,"k":[51.5,51.5,100],"ix":6,"l":2}},"ao":0,"shapes":[{"ty":"gr","it":[{"ind":0,"ty":"sh","ix":1,"ks":{"a":0,"k":{"i":[[0,190.724],[0,233.258],[-193.633,0],[0,0],[0,-193.632],[0,0],[0,0],[190.724,0],[0,0]],"o":[[0,0],[0,-193.632],[0,0],[193.632,0],[0,0],[0,0],[0,190.724],[0,0],[-190.724,0]],"v":[[-350.603,339.305],[-350.603,-334.046],[0,-684.641],[0.001,-684.641],[350.603,-334.046],[350.603,334.722],[350.603,339.305],[5.267,684.641],[-5.267,684.641]],"c":true},"ix":2},"nm":"Path 1","mn":"ADBE Vector Shape - Group","hd":false},{"ty":"tm","s":{"a":1,"k":[{"i":{"x":[0.667],"y":[1]},"o":{"x":[0.333],"y":[0]},"t":7,"s":[50]},{"t":37.0000015070409,"s":[0]}],"ix":1},"e":{"a":1,"k":[{"i":{"x":[0.667],"y":[1]},"o":{"x":[0.333],"y":[0]},"t":7,"s":[69]},{"t":37.0000015070409,"s":[19]}],"ix":2},"o":{"a":0,"k":0,"ix":3},"m":1,"ix":2,"nm":"Trim Paths 1","mn":"ADBE Vector Filter - Trim","hd":false},{"ty":"st","c":{"a":1,"k":[{"i":{"x":[0.667],"y":[1]},"o":{"x":[0.333],"y":[0]},"t":7,"s":[0.3556,0.6684,0.9244,1]},{"t":37.0000015070409,"s":[0,0.55,1,1]}],"ix":3},"o":{"a":0,"k":100,"ix":4},"w":{"a":0,"k":150,"ix":5},"lc":2,"lj":1,"ml":10,"bm":0,"nm":"Stroke 1","mn":"ADBE Vector Graphic - Stroke","hd":false},{"ty":"tr","p":{"a":0,"k":[1327.382,1042.938],"ix":2},"a":{"a":0,"k":[0,0],"ix":1},"s":{"a":0,"k":[100,100],"ix":3},"r":{"a":0,"k":0,"ix":6},"o":{"a":0,"k":100,"ix":7},"sk":{"a":0,"k":0,"ix":4},"sa":{"a":0,"k":0,"ix":5},"nm":"Transform"}],"nm":"Group 4","np":3,"cix":2,"bm":0,"ix":1,"mn":"ADBE Vector Group","hd":false}],"ip":0,"op":58.0000023623884,"st":-38.0000015477717,"bm":0},{"ddd":0,"ind":6,"ty":4,"nm":"Load3 Outlines","sr":1,"ks":{"o":{"a":0,"k":100,"ix":11},"r":{"a":0,"k":180,"ix":10},"p":{"a":0,"k":[344,580,0],"ix":2,"l":2},"a":{"a":0,"k":[1518,1004.5,0],"ix":1,"l":2},"s":{"a":0,"k":[51.5,51.5,100],"ix":6,"l":2}},"ao":0,"shapes":[{"ty":"gr","it":[{"ind":0,"ty":"sh","ix":1,"ks":{"a":0,"k":{"i":[[0,190.724],[0,233.258],[-193.633,0],[0,0],[0,-193.632],[0,0],[0,0],[190.724,0],[0,0]],"o":[[0,0],[0,-193.632],[0,0],[193.632,0],[0,0],[0,0],[0,190.724],[0,0],[-190.724,0]],"v":[[-350.603,339.305],[-350.603,-334.046],[0,-684.641],[0.001,-684.641],[350.603,-334.046],[350.603,334.722],[350.603,339.305],[5.267,684.641],[-5.267,684.641]],"c":true},"ix":2},"nm":"Path 1","mn":"ADBE Vector Shape - Group","hd":false},{"ty":"st","c":{"a":1,"k":[{"i":{"x":[0.667],"y":[1]},"o":{"x":[0.333],"y":[0]},"t":7,"s":[0,0.55,1,1]},{"t":37.0000015070409,"s":[0.3556,0.6684,0.9244,1]}],"ix":3},"o":{"a":0,"k":100,"ix":4},"w":{"a":0,"k":150,"ix":5},"lc":2,"lj":1,"ml":10,"bm":0,"nm":"Stroke 1","mn":"ADBE Vector Graphic - Stroke","hd":false},{"ty":"tr","p":{"a":0,"k":[1327.382,1042.938],"ix":2},"a":{"a":0,"k":[0,0],"ix":1},"s":{"a":0,"k":[100,100],"ix":3},"r":{"a":0,"k":0,"ix":6},"o":{"a":0,"k":100,"ix":7},"sk":{"a":0,"k":0,"ix":4},"sa":{"a":0,"k":0,"ix":5},"nm":"Transform"}],"nm":"Group 2","np":2,"cix":2,"bm":0,"ix":1,"mn":"ADBE Vector Group","hd":false},{"ty":"tm","s":{"a":1,"k":[{"i":{"x":[0.667],"y":[1]},"o":{"x":[0.333],"y":[0]},"t":7,"s":[50]},{"t":37.0000015070409,"s":[0]}],"ix":1},"e":{"a":1,"k":[{"i":{"x":[0.667],"y":[1]},"o":{"x":[0.333],"y":[0]},"t":7,"s":[69]},{"t":37.0000015070409,"s":[19]}],"ix":2},"o":{"a":0,"k":0,"ix":3},"m":1,"ix":2,"nm":"Trim Paths 1","mn":"ADBE Vector Filter - Trim","hd":false}],"ip":0,"op":58.0000023623884,"st":-48.0000019550801,"bm":0},{"ddd":0,"ind":7,"ty":4,"nm":"Load3 Outlines","sr":1,"ks":{"o":{"a":0,"k":100,"ix":11},"r":{"a":0,"k":0,"ix":10},"p":{"a":0,"k":[799.136,559.345,0],"ix":2,"l":2},"a":{"a":0,"k":[2021.177,1040.875,0],"ix":1,"l":2},"s":{"a":0,"k":[51.5,51.5,100],"ix":6,"l":2}},"ao":0,"shapes":[{"ty":"gr","it":[{"ind":0,"ty":"sh","ix":1,"ks":{"a":0,"k":{"i":[[0,0],[-192.192,0],[0,0],[0,192.192],[0,0],[0,0],[190.767,0],[0,0],[0,-190.771]],"o":[[0,192.192],[0,0],[192.192,0],[0,0],[0,0],[0,-190.768],[0,0],[-190.77,0],[0,0]],"v":[[-347.995,336.15],[0,684.141],[0,684.141],[347.995,336.15],[347.995,-334.141],[347.995,-338.725],[2.58,-684.141],[-2.575,-684.141],[-347.995,-338.72]],"c":true},"ix":2},"nm":"Path 1","mn":"ADBE Vector Shape - Group","hd":false},{"ty":"tm","s":{"a":1,"k":[{"i":{"x":[0.667],"y":[1]},"o":{"x":[0.333],"y":[0]},"t":21,"s":[81]},{"t":51.0000020772726,"s":[31]}],"ix":1},"e":{"a":1,"k":[{"i":{"x":[0.667],"y":[1]},"o":{"x":[0.333],"y":[0]},"t":21,"s":[100]},{"t":51.0000020772726,"s":[50]}],"ix":2},"o":{"a":0,"k":0,"ix":3},"m":1,"ix":2,"nm":"Trim Paths 1","mn":"ADBE Vector Filter - Trim","hd":false},{"ty":"st","c":{"a":1,"k":[{"i":{"x":[0.667],"y":[1]},"o":{"x":[0.333],"y":[0]},"t":21,"s":[0.3124,0.6728,0.9676,1]},{"t":51.0000020772726,"s":[0.2666,0.6553,0.9734,1]}],"ix":3},"o":{"a":0,"k":100,"ix":4},"w":{"a":0,"k":150,"ix":5},"lc":2,"lj":1,"ml":10,"bm":0,"nm":"Stroke 1","mn":"ADBE Vector Graphic - Stroke","hd":false},{"ty":"tr","p":{"a":0,"k":[1673.182,1042.438],"ix":2},"a":{"a":0,"k":[0,0],"ix":1},"s":{"a":0,"k":[100,100],"ix":3},"r":{"a":0,"k":0,"ix":6},"o":{"a":0,"k":100,"ix":7},"sk":{"a":0,"k":0,"ix":4},"sa":{"a":0,"k":0,"ix":5},"nm":"Transform"}],"nm":"Group 1","np":3,"cix":2,"bm":0,"ix":1,"mn":"ADBE Vector Group","hd":false}],"ip":0,"op":58.0000023623884,"st":-42.0000017106951,"bm":0},{"ddd":0,"ind":8,"ty":4,"nm":"Load3 Outlines","sr":1,"ks":{"o":{"a":0,"k":100,"ix":11},"r":{"a":0,"k":-180,"ix":10},"p":{"a":0,"k":[440.864,560.955,0],"ix":2,"l":2},"a":{"a":0,"k":[2021.177,1020.875,0],"ix":1,"l":2},"s":{"a":0,"k":[51.5,51.5,100],"ix":6,"l":2}},"ao":0,"shapes":[{"ty":"gr","it":[{"ind":0,"ty":"sh","ix":1,"ks":{"a":0,"k":{"i":[[0,0],[-192.192,0],[0,0],[0,192.192],[0,0],[0,0],[190.767,0],[0,0],[0,-190.771]],"o":[[0,192.192],[0,0],[192.192,0],[0,0],[0,0],[0,-190.768],[0,0],[-190.77,0],[0,0]],"v":[[-347.995,336.15],[0,684.141],[0,684.141],[347.995,336.15],[347.995,-334.141],[347.995,-338.725],[2.58,-684.141],[-2.575,-684.141],[-347.995,-338.72]],"c":true},"ix":2},"nm":"Path 1","mn":"ADBE Vector Shape - Group","hd":false},{"ty":"tm","s":{"a":1,"k":[{"i":{"x":[0.667],"y":[1]},"o":{"x":[0.333],"y":[0]},"t":21,"s":[81]},{"t":51.0000020772726,"s":[31]}],"ix":1},"e":{"a":1,"k":[{"i":{"x":[0.667],"y":[1]},"o":{"x":[0.333],"y":[0]},"t":21,"s":[100]},{"t":51.0000020772726,"s":[50]}],"ix":2},"o":{"a":0,"k":0,"ix":3},"m":1,"ix":2,"nm":"Trim Paths 1","mn":"ADBE Vector Filter - Trim","hd":false},{"ty":"st","c":{"a":1,"k":[{"i":{"x":[0.667],"y":[1]},"o":{"x":[0.333],"y":[0]},"t":21,"s":[0.2666,0.6553,0.9734,1]},{"t":51.0000020772726,"s":[0.1294,0.5882,0.9529,1]}],"ix":3},"o":{"a":0,"k":100,"ix":4},"w":{"a":0,"k":150,"ix":5},"lc":2,"lj":1,"ml":10,"bm":0,"nm":"Stroke 1","mn":"ADBE Vector Graphic - Stroke","hd":false},{"ty":"tr","p":{"a":0,"k":[1673.182,1022.438],"ix":2},"a":{"a":0,"k":[0,0],"ix":1},"s":{"a":0,"k":[100,100],"ix":3},"r":{"a":0,"k":0,"ix":6},"o":{"a":0,"k":100,"ix":7},"sk":{"a":0,"k":0,"ix":4},"sa":{"a":0,"k":0,"ix":5},"nm":"Transform"}],"nm":"Group 3","np":3,"cix":2,"bm":0,"ix":1,"mn":"ADBE Vector Group","hd":false}],"ip":0,"op":58.0000023623884,"st":-42.0000017106951,"bm":0}],"markers":[]}