{"nm":"High_five","ddd":0,"h":330,"w":420,"meta":{"g":"@lottiefiles/toolkit-js 0.33.2"},"layers":[{"ty":4,"nm":"birst 01","sr":1,"st":-1,"op":90,"ip":21,"hd":false,"ddd":0,"bm":0,"hasMask":false,"ao":0,"ks":{"a":{"a":0,"k":[-163.152,-67.224,0],"ix":1},"s":{"a":0,"k":[100,100,100],"ix":6},"sk":{"a":0,"k":0},"p":{"a":0,"k":[46.848,97.776,0],"ix":2},"r":{"a":0,"k":0,"ix":10},"sa":{"a":0,"k":0},"o":{"a":0,"k":100,"ix":11}},"ef":[],"shapes":[{"ty":"gr","bm":0,"hd":false,"mn":"ADBE Vector Group","nm":"Group 8","ix":1,"cix":2,"np":2,"it":[{"ty":"sh","bm":0,"hd":false,"mn":"ADBE Vector Shape - Group","nm":"Path 1","ix":1,"d":1,"ks":{"a":0,"k":{"c":false,"i":[[0,0],[0,0]],"o":[[0,0],[0,0]],"v":[[-197.241,-70.862],[-129.064,-63.587]]},"ix":2}},{"ty":"st","bm":0,"hd":false,"mn":"ADBE Vector Graphic - Stroke","nm":"Stroke 1","lc":1,"lj":1,"ml":10,"o":{"a":0,"k":100,"ix":4},"w":{"a":0,"k":4.5,"ix":5},"c":{"a":0,"k":[1,1,1],"ix":3}},{"ty":"tr","a":{"a":0,"k":[0,0],"ix":1},"s":{"a":0,"k":[100,100],"ix":3},"sk":{"a":0,"k":0,"ix":4},"p":{"a":0,"k":[0,0],"ix":2},"r":{"a":0,"k":0,"ix":6},"sa":{"a":0,"k":0,"ix":5},"o":{"a":0,"k":100,"ix":7}}]},{"ty":"tm","bm":0,"hd":false,"mn":"ADBE Vector Filter - Trim","nm":"Trim Paths 1","ix":2,"e":{"a":1,"k":[{"o":{"x":0.001,"y":0},"i":{"x":0.4,"y":1},"s":[100],"t":35},{"s":[0],"t":52}],"ix":2},"o":{"a":0,"k":0,"ix":3},"s":{"a":1,"k":[{"o":{"x":0.6,"y":0},"i":{"x":0.4,"y":1},"s":[100],"t":9},{"s":[0],"t":54}],"ix":1},"m":1}],"ind":1},{"ty":4,"nm":"birst 02","sr":1,"st":-1,"op":90,"ip":23,"hd":false,"ddd":0,"bm":0,"hasMask":false,"ao":0,"ks":{"a":{"a":0,"k":[-147.687,-111.114,0],"ix":1},"s":{"a":0,"k":[100,100,100],"ix":6},"sk":{"a":0,"k":0},"p":{"a":0,"k":[62.313,53.886,0],"ix":2},"r":{"a":0,"k":0,"ix":10},"sa":{"a":0,"k":0},"o":{"a":0,"k":100,"ix":11}},"ef":[],"shapes":[{"ty":"gr","bm":0,"hd":false,"mn":"ADBE Vector Group","nm":"Group 9","ix":1,"cix":2,"np":2,"it":[{"ty":"sh","bm":0,"hd":false,"mn":"ADBE Vector Shape - Group","nm":"Path 1","ix":1,"d":1,"ks":{"a":0,"k":{"c":false,"i":[[0,0],[0,0]],"o":[[0,0],[0,0]],"v":[[-175.842,-132.059],[-119.531,-90.168]]},"ix":2}},{"ty":"st","bm":0,"hd":false,"mn":"ADBE Vector Graphic - Stroke","nm":"Stroke 1","lc":1,"lj":1,"ml":10,"o":{"a":0,"k":100,"ix":4},"w":{"a":0,"k":4.5,"ix":5},"c":{"a":0,"k":[1,1,1],"ix":3}},{"ty":"tr","a":{"a":0,"k":[0,0],"ix":1},"s":{"a":0,"k":[100,100],"ix":3},"sk":{"a":0,"k":0,"ix":4},"p":{"a":0,"k":[0,0],"ix":2},"r":{"a":0,"k":0,"ix":6},"sa":{"a":0,"k":0,"ix":5},"o":{"a":0,"k":100,"ix":7}}]},{"ty":"tm","bm":0,"hd":false,"mn":"ADBE Vector Filter - Trim","nm":"Trim Paths 1","ix":2,"e":{"a":1,"k":[{"o":{"x":0.001,"y":0},"i":{"x":0.4,"y":1},"s":[100],"t":37},{"s":[0],"t":54}],"ix":2},"o":{"a":0,"k":0,"ix":3},"s":{"a":1,"k":[{"o":{"x":0.6,"y":0},"i":{"x":0.4,"y":1},"s":[100],"t":11},{"s":[0],"t":56}],"ix":1},"m":1}],"ind":2},{"ty":4,"nm":"birst 03","sr":1,"st":-1,"op":90,"ip":21,"hd":false,"ddd":0,"bm":0,"hasMask":false,"ao":0,"ks":{"a":{"a":0,"k":[120.523,-134.651,0],"ix":1},"s":{"a":0,"k":[100,100,100],"ix":6},"sk":{"a":0,"k":0},"p":{"a":0,"k":[330.523,30.349,0],"ix":2},"r":{"a":0,"k":0,"ix":10},"sa":{"a":0,"k":0},"o":{"a":0,"k":100,"ix":11}},"ef":[],"shapes":[{"ty":"gr","bm":0,"hd":false,"mn":"ADBE Vector Group","nm":"Group 12","ix":1,"cix":2,"np":2,"it":[{"ty":"sh","bm":0,"hd":false,"mn":"ADBE Vector Shape - Group","nm":"Path 1","ix":1,"d":1,"ks":{"a":0,"k":{"c":false,"i":[[0,0],[0,0]],"o":[[0,0],[0,0]],"v":[[92.552,-114.622],[148.495,-154.68]]},"ix":2}},{"ty":"st","bm":0,"hd":false,"mn":"ADBE Vector Graphic - Stroke","nm":"Stroke 1","lc":1,"lj":1,"ml":10,"o":{"a":0,"k":100,"ix":4},"w":{"a":0,"k":4.5,"ix":5},"c":{"a":0,"k":[1,1,1],"ix":3}},{"ty":"tr","a":{"a":0,"k":[0,0],"ix":1},"s":{"a":0,"k":[100,100],"ix":3},"sk":{"a":0,"k":0,"ix":4},"p":{"a":0,"k":[0,0],"ix":2},"r":{"a":0,"k":0,"ix":6},"sa":{"a":0,"k":0,"ix":5},"o":{"a":0,"k":100,"ix":7}}]},{"ty":"tm","bm":0,"hd":false,"mn":"ADBE Vector Filter - Trim","nm":"Trim Paths 1","ix":2,"e":{"a":1,"k":[{"o":{"x":0.001,"y":0},"i":{"x":0.4,"y":1},"s":[0],"t":37},{"s":[100],"t":52}],"ix":2},"o":{"a":0,"k":0,"ix":3},"s":{"a":1,"k":[{"o":{"x":0.6,"y":0},"i":{"x":0.4,"y":1},"s":[0],"t":11},{"s":[100],"t":54}],"ix":1},"m":1}],"ind":3},{"ty":4,"nm":"birst 04","sr":1,"st":-1,"op":90,"ip":23,"hd":false,"ddd":0,"bm":0,"hasMask":false,"ao":0,"ks":{"a":{"a":0,"k":[136.73,-88.715,0],"ix":1},"s":{"a":0,"k":[100,100,100],"ix":6},"sk":{"a":0,"k":0},"p":{"a":0,"k":[346.73,76.285,0],"ix":2},"r":{"a":0,"k":0,"ix":10},"sa":{"a":0,"k":0},"o":{"a":0,"k":100,"ix":11}},"ef":[],"shapes":[{"ty":"gr","bm":0,"hd":false,"mn":"ADBE Vector Group","nm":"Group 10","ix":1,"cix":2,"np":2,"it":[{"ty":"sh","bm":0,"hd":false,"mn":"ADBE Vector Shape - Group","nm":"Path 1","ix":1,"d":1,"ks":{"a":0,"k":{"c":false,"i":[[0,0],[0,0]],"o":[[0.906,0],[0,0]],"v":[[103.567,-82.598],[169.894,-94.833]]},"ix":2}},{"ty":"st","bm":0,"hd":false,"mn":"ADBE Vector Graphic - Stroke","nm":"Stroke 1","lc":1,"lj":1,"ml":10,"o":{"a":0,"k":100,"ix":4},"w":{"a":0,"k":4.5,"ix":5},"c":{"a":0,"k":[1,1,1],"ix":3}},{"ty":"tr","a":{"a":0,"k":[0,0],"ix":1},"s":{"a":0,"k":[100,100],"ix":3},"sk":{"a":0,"k":0,"ix":4},"p":{"a":0,"k":[0,0],"ix":2},"r":{"a":0,"k":0,"ix":6},"sa":{"a":0,"k":0,"ix":5},"o":{"a":0,"k":100,"ix":7}}]},{"ty":"tm","bm":0,"hd":false,"mn":"ADBE Vector Filter - Trim","nm":"Trim Paths 1","ix":2,"e":{"a":1,"k":[{"o":{"x":0.001,"y":0},"i":{"x":0.4,"y":1},"s":[0],"t":37},{"s":[100],"t":52}],"ix":2},"o":{"a":0,"k":0,"ix":3},"s":{"a":1,"k":[{"o":{"x":0.6,"y":0},"i":{"x":0.4,"y":1},"s":[0],"t":11},{"s":[100],"t":54}],"ix":1},"m":1},{"ty":"gr","bm":0,"hd":false,"mn":"ADBE Vector Group","nm":"Group 11","ix":3,"cix":2,"np":1,"it":[{"ty":"st","bm":0,"hd":false,"mn":"ADBE Vector Graphic - Stroke","nm":"Stroke 1","lc":1,"lj":1,"ml":10,"o":{"a":0,"k":100,"ix":4},"w":{"a":0,"k":2,"ix":5},"c":{"a":0,"k":[0.1098,0.1137,0.1216],"ix":3}},{"ty":"tr","a":{"a":0,"k":[0,0],"ix":1},"s":{"a":0,"k":[100,100],"ix":3},"sk":{"a":0,"k":0,"ix":4},"p":{"a":0,"k":[0,0],"ix":2},"r":{"a":0,"k":0,"ix":6},"sa":{"a":0,"k":0,"ix":5},"o":{"a":0,"k":100,"ix":7}}]}],"ind":4},{"ty":4,"nm":"stroke cycle","sr":1,"st":0,"op":90,"ip":0,"hd":false,"ddd":0,"bm":0,"hasMask":false,"ao":0,"ks":{"a":{"a":0,"k":[-170.038,96.473,0],"ix":1},"s":{"a":0,"k":[100,100,100],"ix":6},"sk":{"a":0,"k":0},"p":{"a":0,"k":[38.712,259.973,0],"ix":2},"r":{"a":0,"k":0,"ix":10},"sa":{"a":0,"k":0},"o":{"a":0,"k":100,"ix":11}},"ef":[],"shapes":[{"ty":"gr","bm":0,"hd":false,"mn":"ADBE Vector Group","nm":"Group 1","ix":1,"cix":2,"np":2,"it":[{"ty":"sh","bm":0,"hd":false,"mn":"ADBE Vector Shape - Group","nm":"Path 1","ix":1,"d":1,"ks":{"a":0,"k":{"c":false,"i":[[32.723,0],[0,32.723],[-32.723,0]],"o":[[-32.723,0],[0,-32.723],[32.723,0]],"v":[[-140.413,155.723],[-199.663,96.473],[-140.413,37.223]]},"ix":2}},{"ty":"st","bm":0,"hd":false,"mn":"ADBE Vector Graphic - Stroke","nm":"Stroke 1","lc":1,"lj":1,"ml":10,"o":{"a":0,"k":100,"ix":4},"w":{"a":0,"k":4.5,"ix":5},"c":{"a":0,"k":[1,1,1],"ix":3}},{"ty":"tr","a":{"a":0,"k":[0,0],"ix":1},"s":{"a":0,"k":[100,100],"ix":3},"sk":{"a":0,"k":0,"ix":4},"p":{"a":0,"k":[0,0],"ix":2},"r":{"a":0,"k":0,"ix":6},"sa":{"a":0,"k":0,"ix":5},"o":{"a":0,"k":100,"ix":7}}]}],"ind":5},{"ty":4,"nm":"MASK","sr":1,"st":0,"op":90,"ip":0,"hd":false,"ddd":0,"bm":0,"hasMask":false,"td":1,"ao":0,"ks":{"a":{"a":0,"k":[0,0,0],"ix":1},"s":{"a":0,"k":[100,100,100],"ix":6},"sk":{"a":0,"k":0},"p":{"a":0,"k":[125.2,157.65,0],"ix":2},"r":{"a":0,"k":0,"ix":10},"sa":{"a":0,"k":0},"o":{"a":0,"k":100,"ix":11}},"ef":[],"shapes":[{"ty":"gr","bm":0,"hd":false,"mn":"ADBE Vector Group","nm":"Shape 1","ix":1,"cix":2,"np":3,"it":[{"ty":"sh","bm":0,"hd":false,"mn":"ADBE Vector Shape - Group","nm":"Path 1","ix":1,"d":1,"ks":{"a":0,"k":{"c":true,"i":[[0,0],[0,0],[0,-32.7],[-32.7,0],[0,0],[0,0],[0,0]],"o":[[0,0],[-32.7,0],[0,32.7],[0,0],[0,0],[0,0],[0,0]],"v":[[-57,-160.25],[-57,41.95],[-116.2,101.15],[-57,160.35],[116.2,160.35],[116.2,-160.35],[-57,-160.35]]},"ix":2}},{"ty":"st","bm":0,"hd":false,"mn":"ADBE Vector Graphic - Stroke","nm":"Stroke 1","lc":1,"lj":1,"ml":4,"o":{"a":0,"k":100,"ix":4},"w":{"a":0,"k":4.5,"ix":5},"c":{"a":0,"k":[0.1569,0.1137,0.749],"ix":3}},{"ty":"fl","bm":0,"hd":false,"mn":"ADBE Vector Graphic - Fill","nm":"Fill 1","c":{"a":0,"k":[0.3059,0.4196,0.9608],"ix":4},"r":1,"o":{"a":0,"k":100,"ix":5}},{"ty":"tr","a":{"a":0,"k":[0,0],"ix":1},"s":{"a":0,"k":[100,100],"ix":3},"sk":{"a":0,"k":0,"ix":4},"p":{"a":0,"k":[0,0],"ix":2},"r":{"a":0,"k":0,"ix":6},"sa":{"a":0,"k":0,"ix":5},"o":{"a":0,"k":100,"ix":7}}]}],"ind":6},{"ty":4,"nm":"left hand","sr":1,"st":0,"op":90,"ip":0,"hd":false,"ddd":0,"bm":0,"tt":1,"hasMask":false,"ao":0,"ks":{"a":{"a":0,"k":[-187.18,130.988,0],"ix":1},"s":{"a":0,"k":[100,100,100],"ix":6},"sk":{"a":0,"k":0},"p":{"a":0,"k":[22.82,295.988,0],"ix":2},"r":{"a":1,"k":[{"o":{"x":0.8,"y":0},"i":{"x":0.8,"y":1},"s":[0],"t":0},{"o":{"x":0.167,"y":0},"i":{"x":0.8,"y":1},"s":[-3],"t":19},{"s":[0],"t":41}],"ix":10},"sa":{"a":0,"k":0},"o":{"a":0,"k":100,"ix":11}},"ef":[],"shapes":[{"ty":"gr","bm":0,"hd":false,"mn":"ADBE Vector Group","nm":"Group 1","ix":1,"cix":2,"np":3,"it":[{"ty":"sh","bm":0,"hd":false,"mn":"ADBE Vector Shape - Group","nm":"Path 1","ix":1,"d":1,"ks":{"a":1,"k":[{"o":{"x":0.167,"y":0},"i":{"x":0.833,"y":0.833},"s":[{"c":true,"i":[[0,0],[5.111,2.717],[5.431,10.647],[-0.73,10.522],[0,0],[-14.94,13.165],[4.639,7.525],[-6.683,4.043],[-5.55,-9.539],[0.874,10.225],[-5.126,-6.075],[0,0],[-8.757,3.882],[-2.587,-11.515],[0,0],[0,0],[-6.456,1.419],[-2.647,-10.138],[0,0],[0,0],[-5.036,1.259],[-2.665,-17.423],[12.76,-24.628],[8.533,-6.683],[0,0]],"o":[[-5.615,-1.097],[-10.554,-5.609],[-4.816,-9.441],[0,0],[0,0],[14.94,-13.165],[-4.639,-7.525],[6.683,-4.043],[0,0],[-0.921,-10.779],[5.886,6.855],[0,0],[8.757,-3.882],[2.846,12.67],[0,0],[-3.105,-14.233],[6.456,-1.419],[3.241,12.411],[0,0],[-0.19,-10.999],[5.036,-1.259],[2.665,17.423],[-10.76,20.768],[-17.863,13.995],[0,0]],"v":[[-158.702,157.424],[-174.883,151.687],[-199.441,126.712],[-205.665,96.198],[-205.662,95.364],[-110.096,39.183],[-126.427,-16.545],[-129.313,-38.238],[-97.895,-8.526],[-108.319,-77.6],[-96.466,-85.929],[-78.834,-15.345],[-88.1,-99.782],[-75.131,-80.403],[-62.073,-20.239],[-69.23,-53.775],[-68.704,-88.271],[-57.45,-70.274],[-47.816,-23.624],[-51.106,-40.146],[-48.652,-64.114],[-35.556,-37.403],[-34.855,62.934],[-75.387,103.627],[-158.7,157.414]]}],"t":0},{"o":{"x":0.167,"y":0.167},"i":{"x":0.833,"y":0.833},"s":[{"c":true,"i":[[0,0],[5.111,2.717],[5.431,10.647],[-0.73,10.522],[0,0],[-15.614,12.359],[11.168,10.038],[-6.868,3.721],[-5.09,-9.793],[6.094,20.372],[-6.276,-5.417],[0,0],[-7.684,3.658],[-4.813,-11.616],[0,0],[0,0],[-6.48,1.304],[-2.147,-10.255],[0,0],[0,0],[-5.09,1.018],[-4.776,-17.096],[21.92,-26.394],[8.533,-6.682],[0,0]],"o":[[-5.615,-1.097],[-10.554,-5.609],[-4.816,-9.441],[0,0],[0,0],[22.924,-18.145],[-8.811,-7.92],[6.868,-3.721],[0,0],[-3.1,-10.364],[12.584,13.514],[0,0],[7.161,-3.409],[4.971,11.997],[0,0],[-4.587,-14.608],[5.015,-1.009],[2.647,12.551],[0,0],[-1.844,-11.965],[5.091,-1.018],[4.742,16.976],[-22.038,26.536],[-17.864,13.995],[0,0]],"v":[[-151.645,157.194],[-167.826,151.456],[-192.384,126.482],[-198.608,95.967],[-198.606,95.133],[-61.354,-4.365],[-78.905,-57.99],[-85.42,-76.517],[-46.897,-51.439],[-64.325,-114.92],[-54.586,-122.797],[-27.533,-57.344],[-44.182,-141.675],[-25.403,-118.873],[-10.558,-61.435],[-18.187,-93.747],[-21.57,-127.319],[-7.147,-109.489],[3.844,-64.138],[1.344,-80.798],[0.13,-103.602],[16.745,-77.318],[12.673,22.939],[-44.379,73.086],[-151.643,157.183]]}],"t":16},{"o":{"x":0.167,"y":0.176},"i":{"x":0.35,"y":1},"s":[{"c":true,"i":[[0,0],[5.111,2.717],[5.431,10.647],[-0.73,10.522],[0,0],[-15.29,12.757],[1.349,18.449],[-6.868,3.721],[4.093,-17.698],[-3.224,11.891],[-3.553,-5.769],[0,0],[-9.529,1.468],[-0.572,-12.598],[0,0],[0,0],[-6.516,1.111],[-0.316,-10.473],[0,0],[0,0],[-3.871,0.692],[0.575,-15.382],[20.76,-29.074],[8.533,-6.682],[0,0]],"o":[[-5.615,-1.097],[-10.554,-5.609],[-4.816,-9.441],[0,0],[0,0],[17.407,-14.523],[-1.354,-18.519],[6.868,-3.721],[0,0],[2.831,-10.441],[1.651,9.231],[0,0],[5.284,-0.814],[0.452,9.943],[0,0],[1.299,-17.26],[6.516,-1.111],[0.481,15.953],[0,0],[1.815,-11.415],[5.11,-0.914],[-0.801,21.425],[-13.592,19.036],[-17.863,13.995],[0,0]],"v":[[-157.422,157.932],[-173.603,152.195],[-198.161,127.22],[-204.385,96.706],[-204.383,95.872],[-68.19,0.741],[-52.978,-57.987],[-52.736,-87.596],[-37.51,-45.351],[-29.849,-118.594],[-17.495,-126.167],[-19.142,-51.399],[-5.56,-137.89],[2.279,-118.936],[-1.643,-53.012],[0.575,-87.295],[8.692,-123.542],[16.643,-106.501],[13.8,-48.514],[16.44,-73.701],[22.56,-98.176],[30.854,-70.516],[8.05,28.895],[-51.215,78.192],[-157.42,157.922]]}],"t":19},{"s":[{"c":true,"i":[[0,0],[5.111,2.717],[5.431,10.647],[-0.73,10.522],[0,0],[-14.94,13.165],[4.639,7.525],[-6.683,4.043],[-5.55,-9.539],[0.874,10.225],[-5.126,-6.075],[0,0],[-8.757,3.882],[-2.587,-11.515],[0,0],[0,0],[-6.456,1.419],[-2.647,-10.138],[0,0],[0,0],[-5.036,1.259],[-2.665,-17.423],[12.76,-24.628],[8.533,-6.683],[0,0]],"o":[[-5.615,-1.097],[-10.554,-5.609],[-4.816,-9.441],[0,0],[0,0],[14.94,-13.165],[-4.639,-7.525],[6.683,-4.043],[0,0],[-0.921,-10.779],[5.886,6.855],[0,0],[8.757,-3.882],[2.846,12.67],[0,0],[-3.105,-14.233],[6.456,-1.419],[3.241,12.411],[0,0],[-0.19,-10.999],[5.036,-1.259],[2.665,17.423],[-10.76,20.768],[-17.863,13.995],[0,0]],"v":[[-158.702,157.424],[-174.883,151.687],[-199.441,126.712],[-205.665,96.198],[-205.662,95.364],[-110.096,39.183],[-126.427,-16.545],[-129.313,-38.238],[-97.895,-8.526],[-108.319,-77.6],[-96.466,-85.929],[-78.834,-15.345],[-88.1,-99.782],[-75.131,-80.403],[-62.073,-20.239],[-69.23,-53.775],[-68.704,-88.271],[-57.45,-70.274],[-47.816,-23.624],[-51.106,-40.146],[-48.652,-64.114],[-35.556,-37.403],[-34.855,62.934],[-75.387,103.627],[-158.7,157.414]]}],"t":59}],"ix":2}},{"ty":"st","bm":0,"hd":false,"mn":"ADBE Vector Graphic - Stroke","nm":"Stroke 1","lc":1,"lj":3,"ml":1,"o":{"a":0,"k":100,"ix":4},"w":{"a":0,"k":4.5,"ix":5},"c":{"a":0,"k":[1,1,1],"ix":3}},{"ty":"fl","bm":0,"hd":false,"mn":"ADBE Vector Graphic - Fill","nm":"Fill 1","c":{"a":0,"k":[0.1098,0.1137,0.1216],"ix":4},"r":1,"o":{"a":0,"k":100,"ix":5}},{"ty":"tr","a":{"a":0,"k":[0,0],"ix":1},"s":{"a":0,"k":[100,100],"ix":3},"sk":{"a":0,"k":0,"ix":4},"p":{"a":0,"k":[0,0],"ix":2},"r":{"a":0,"k":0,"ix":6},"sa":{"a":0,"k":0,"ix":5},"o":{"a":0,"k":100,"ix":7}}]}],"ind":7},{"ty":4,"nm":"MASK 2","sr":1,"st":0,"op":90,"ip":0,"hd":false,"ddd":0,"bm":0,"hasMask":false,"td":1,"ao":0,"ks":{"a":{"a":0,"k":[0,0,0],"ix":1},"s":{"a":0,"k":[-100,100,100],"ix":6},"sk":{"a":0,"k":0},"p":{"a":0,"k":[294.8,135.65,0],"ix":2},"r":{"a":0,"k":0,"ix":10},"sa":{"a":0,"k":0},"o":{"a":0,"k":100,"ix":11}},"ef":[],"shapes":[{"ty":"gr","bm":0,"hd":false,"mn":"ADBE Vector Group","nm":"Shape 1","ix":1,"cix":2,"np":3,"it":[{"ty":"sh","bm":0,"hd":false,"mn":"ADBE Vector Shape - Group","nm":"Path 1","ix":1,"d":1,"ks":{"a":0,"k":{"c":true,"i":[[0,0],[0,0],[0,-32.7],[-32.7,0],[0,0],[0,0],[0,0]],"o":[[0,0],[-32.7,0],[0,32.7],[0,0],[0,0],[0,0],[0,0]],"v":[[-57,-160.25],[-57,41.95],[-116.2,101.15],[-57,160.35],[116.2,160.35],[116.2,-160.35],[-57,-160.35]]},"ix":2}},{"ty":"st","bm":0,"hd":false,"mn":"ADBE Vector Graphic - Stroke","nm":"Stroke 1","lc":1,"lj":1,"ml":4,"o":{"a":0,"k":100,"ix":4},"w":{"a":0,"k":4.5,"ix":5},"c":{"a":0,"k":[0.1569,0.1137,0.749],"ix":3}},{"ty":"fl","bm":0,"hd":false,"mn":"ADBE Vector Graphic - Fill","nm":"Fill 1","c":{"a":0,"k":[0.3059,0.4196,0.9608],"ix":4},"r":1,"o":{"a":0,"k":100,"ix":5}},{"ty":"tr","a":{"a":0,"k":[0,0],"ix":1},"s":{"a":0,"k":[100,100],"ix":3},"sk":{"a":0,"k":0,"ix":4},"p":{"a":0,"k":[0,0],"ix":2},"r":{"a":0,"k":0,"ix":6},"sa":{"a":0,"k":0,"ix":5},"o":{"a":0,"k":100,"ix":7}}]}],"ind":8},{"ty":4,"nm":"right hand","sr":1,"st":0,"op":90,"ip":0,"hd":false,"ddd":0,"bm":0,"tt":1,"hasMask":false,"ao":0,"ks":{"a":{"a":0,"k":[-187.18,130.988,0],"ix":1},"s":{"a":0,"k":[-100,100,100],"ix":6},"sk":{"a":0,"k":0},"p":{"a":0,"k":[372.82,295.988,0],"ix":2},"r":{"a":1,"k":[{"o":{"x":0.8,"y":0},"i":{"x":0.8,"y":1},"s":[0],"t":0},{"o":{"x":0.167,"y":0},"i":{"x":0.8,"y":1},"s":[-3],"t":19},{"s":[0],"t":41}],"ix":10},"sa":{"a":0,"k":0},"o":{"a":0,"k":100,"ix":11}},"ef":[],"shapes":[{"ty":"gr","bm":0,"hd":false,"mn":"ADBE Vector Group","nm":"Shape 2","ix":1,"cix":2,"np":2,"it":[{"ty":"st","bm":0,"hd":false,"mn":"ADBE Vector Graphic - Stroke","nm":"Stroke 1","lc":1,"lj":1,"ml":4,"o":{"a":0,"k":100,"ix":4},"w":{"a":0,"k":4.5,"ix":5},"c":{"a":0,"k":[1,1,1],"ix":3}},{"ty":"fl","bm":0,"hd":false,"mn":"ADBE Vector Graphic - Fill","nm":"Fill 1","c":{"a":0,"k":[1,1,1],"ix":4},"r":1,"o":{"a":0,"k":100,"ix":5}},{"ty":"tr","a":{"a":0,"k":[0,0],"ix":1},"s":{"a":0,"k":[100,100],"ix":3},"sk":{"a":0,"k":0,"ix":4},"p":{"a":0,"k":[0,0],"ix":2},"r":{"a":0,"k":0,"ix":6},"sa":{"a":0,"k":0,"ix":5},"o":{"a":0,"k":100,"ix":7}}]},{"ty":"gr","bm":0,"hd":false,"mn":"ADBE Vector Group","nm":"Shape 1","ix":2,"cix":2,"np":3,"it":[{"ty":"sh","bm":0,"hd":false,"mn":"ADBE Vector Shape - Group","nm":"Path 1","ix":1,"d":1,"ks":{"a":1,"k":[{"o":{"x":0.65,"y":0},"i":{"x":0.833,"y":0.833},"s":[{"c":true,"i":[[0,0],[0,0],[-2.75,-0.75],[0,0]],"o":[[0,0],[0,0],[2.75,0.75],[0,0]],"v":[[-214.11,45.75],[-244.61,50],[-235.36,121.75],[-190.61,112.75]]}],"t":0},{"o":{"x":0.167,"y":0.167},"i":{"x":0.833,"y":0.833},"s":[{"c":true,"i":[[0,0],[0,0],[-2.75,-0.75],[0,0]],"o":[[0,0],[0,0],[2.75,0.75],[0,0]],"v":[[-155.8,18.116],[-244.61,50],[-235.36,121.75],[-132.3,85.116]]}],"t":16},{"o":{"x":0.167,"y":0.176},"i":{"x":0.35,"y":1},"s":[{"c":true,"i":[[0,0],[0,0],[-2.75,-0.75],[0,0]],"o":[[0,0],[0,0],[2.75,0.75],[0,0]],"v":[[-155.817,15.113],[-244.61,50],[-235.36,121.75],[-132.317,82.113]]}],"t":19},{"s":[{"c":true,"i":[[0,0],[0,0],[-2.75,-0.75],[0,0]],"o":[[0,0],[0,0],[2.75,0.75],[0,0]],"v":[[-214.11,45.75],[-244.61,50],[-235.36,121.75],[-190.61,112.75]]}],"t":59}],"ix":2}},{"ty":"fl","bm":0,"hd":false,"mn":"ADBE Vector Graphic - Fill","nm":"Fill 1","c":{"a":0,"k":[1,1,1],"ix":4},"r":1,"o":{"a":0,"k":100,"ix":5}},{"ty":"tr","a":{"a":0,"k":[0,0],"ix":1},"s":{"a":0,"k":[100,100],"ix":3},"sk":{"a":0,"k":0,"ix":4},"p":{"a":0,"k":[0,0],"ix":2},"r":{"a":0,"k":0,"ix":6},"sa":{"a":0,"k":0,"ix":5},"o":{"a":0,"k":100,"ix":7}}]},{"ty":"gr","bm":0,"hd":false,"mn":"ADBE Vector Group","nm":"Group 1","ix":3,"cix":2,"np":3,"it":[{"ty":"sh","bm":0,"hd":false,"mn":"ADBE Vector Shape - Group","nm":"Path 1","ix":1,"d":1,"ks":{"a":1,"k":[{"o":{"x":0.65,"y":0},"i":{"x":0.833,"y":0.833},"s":[{"c":true,"i":[[0,0],[5.111,2.717],[5.431,10.647],[-0.73,10.522],[0,0],[-25.654,8.56],[4.817,7.413],[-6.585,4.201],[-5.776,-9.404],[1.117,10.202],[-5.27,-5.951],[0,0],[-8.662,4.09],[-2.86,-11.45],[0,0],[0,0],[-6.42,1.573],[-2.888,-10.072],[0,0],[0,0],[-5.005,1.379],[-3.079,-17.355],[13.921,-23.99],[23.029,-6.627],[0,0]],"o":[[-5.615,-1.097],[-10.554,-5.609],[-4.816,-9.441],[0,0],[0,0],[23.004,-7.676],[-4.817,-7.413],[6.585,-4.201],[0,0],[-1.177,-10.754],[6.048,6.712],[0,0],[8.662,-4.09],[3.147,12.599],[0,0],[-3.444,-14.155],[6.42,-1.573],[3.536,12.33],[0,0],[-0.452,-10.991],[5.005,-1.379],[3.079,17.355],[-11.736,20.233],[-21.808,6.276],[0,0]],"v":[[-207.954,115.674],[-224.135,109.937],[-239.193,82.962],[-232.917,48.448],[-232.914,47.614],[-137.863,28.676],[-148.726,-23.833],[-152.128,-45.451],[-120.011,-16.496],[-132.078,-85.302],[-120.427,-93.911],[-101.118,-23.768],[-112.393,-107.96],[-98.966,-88.896],[-84.478,-29.06],[-92.432,-62.416],[-92.729,-96.914],[-81.049,-79.191],[-70.306,-32.783],[-73.988,-49.223],[-72.106,-73.242],[-58.378,-46.85],[-60.837,57.98],[-125.889,96.127],[-207.952,115.664]]}],"t":0},{"o":{"x":0.167,"y":0.167},"i":{"x":0.833,"y":0.833},"s":[{"c":true,"i":[[0,0],[5.111,2.717],[5.431,10.647],[-0.73,10.522],[0,0],[-15.891,12],[11.168,10.039],[-6.868,3.721],[-5.09,-9.793],[6.094,20.372],[-6.276,-5.417],[0,0],[-7.684,3.658],[-4.813,-11.616],[0,0],[0,0],[-6.48,1.304],[-2.147,-10.255],[0,0],[0,0],[-5.09,1.018],[-4.776,-17.096],[21.92,-26.394],[14.668,-5.661],[0,0]],"o":[[-5.615,-1.097],[-10.554,-5.608],[-4.816,-9.441],[0,0],[0,0],[17.501,-13.215],[-8.811,-7.92],[6.868,-3.721],[0,0],[-3.1,-10.364],[12.584,13.514],[0,0],[7.161,-3.409],[4.971,11.997],[0,0],[-4.587,-14.608],[5.015,-1.009],[2.647,12.551],[0,0],[-1.844,-11.965],[5.091,-1.018],[4.742,16.976],[-22.038,26.536],[-38.435,14.834],[0,0]],"v":[[-214.292,114.163],[-230.473,108.425],[-239.218,79.184],[-235.598,45.191],[-235.596,44.357],[-72.347,-14.347],[-89.899,-67.972],[-96.413,-86.499],[-57.89,-61.421],[-75.319,-124.902],[-65.58,-132.778],[-38.527,-67.326],[-55.175,-151.657],[-36.397,-128.855],[-21.552,-71.417],[-29.181,-103.729],[-32.563,-137.301],[-18.141,-119.471],[-7.15,-74.12],[-9.65,-90.78],[-10.864,-113.584],[5.751,-87.3],[5.319,15.785],[-59.597,58.553],[-214.289,114.152]]}],"t":16},{"o":{"x":0.167,"y":0.176},"i":{"x":0.35,"y":1},"s":[{"c":true,"i":[[0,0],[5.111,2.717],[5.431,10.647],[-0.73,10.522],[0,0],[-16.567,11.049],[5.38,17.699],[-6.868,3.721],[4.093,-17.698],[-3.224,11.891],[-3.553,-5.769],[0,0],[-9.529,1.468],[-0.572,-12.598],[0,0],[0,0],[-6.516,1.111],[-0.316,-10.473],[0,0],[0,0],[-3.871,0.692],[0.575,-15.382],[21.969,-28.171],[32.066,-12.837],[0,0]],"o":[[-5.615,-1.097],[-10.554,-5.609],[-4.816,-9.441],[0,0],[0,0],[25.34,-16.9],[-5.312,-17.476],[6.868,-3.721],[0,0],[2.831,-10.441],[1.651,9.231],[0,0],[5.284,-0.814],[0.452,9.943],[0,0],[1.299,-17.26],[6.516,-1.111],[0.481,15.953],[0,0],[1.815,-11.415],[5.11,-0.914],[-0.801,21.425],[-11.89,15.247],[-21.067,8.434],[0,0]],"v":[[-213.195,116.034],[-229.376,110.296],[-253.934,85.322],[-243.81,51.066],[-243.808,50.232],[-93.409,-14.638],[-82.423,-72.734],[-86.948,-102.628],[-62.73,-60.729],[-55.068,-133.973],[-42.714,-141.545],[-44.361,-66.778],[-30.779,-153.268],[-22.94,-134.315],[-26.863,-68.391],[-24.644,-102.673],[-16.527,-138.92],[-8.576,-121.879],[-11.419,-63.893],[-8.779,-89.079],[-2.66,-113.555],[5.635,-85.894],[-7.84,20.603],[-76.693,59.572],[-213.193,116.023]]}],"t":19},{"s":[{"c":true,"i":[[0,0],[5.111,2.717],[5.431,10.647],[-0.73,10.522],[0,0],[-25.654,8.56],[4.817,7.413],[-6.585,4.201],[-5.776,-9.404],[1.117,10.202],[-5.27,-5.951],[0,0],[-8.662,4.09],[-2.86,-11.45],[0,0],[0,0],[-6.42,1.573],[-2.888,-10.072],[0,0],[0,0],[-5.005,1.379],[-3.079,-17.355],[13.921,-23.99],[23.029,-6.627],[0,0]],"o":[[-5.615,-1.097],[-10.554,-5.609],[-4.816,-9.441],[0,0],[0,0],[23.004,-7.676],[-4.817,-7.413],[6.585,-4.201],[0,0],[-1.177,-10.754],[6.048,6.712],[0,0],[8.662,-4.09],[3.147,12.599],[0,0],[-3.444,-14.155],[6.42,-1.573],[3.536,12.33],[0,0],[-0.452,-10.991],[5.005,-1.379],[3.079,17.355],[-11.736,20.233],[-21.808,6.276],[0,0]],"v":[[-207.954,115.674],[-224.135,109.937],[-239.193,82.962],[-232.917,48.448],[-232.914,47.614],[-137.863,28.676],[-148.726,-23.833],[-152.128,-45.451],[-120.011,-16.496],[-132.078,-85.302],[-120.427,-93.911],[-101.118,-23.768],[-112.393,-107.96],[-98.966,-88.896],[-84.478,-29.06],[-92.432,-62.416],[-92.729,-96.914],[-81.049,-79.191],[-70.306,-32.783],[-73.988,-49.223],[-72.106,-73.242],[-58.378,-46.85],[-60.837,57.98],[-125.889,96.127],[-207.952,115.664]]}],"t":59}],"ix":2}},{"ty":"st","bm":0,"hd":false,"mn":"ADBE Vector Graphic - Stroke","nm":"Stroke 1","lc":1,"lj":3,"ml":1,"o":{"a":0,"k":100,"ix":4},"w":{"a":0,"k":4.5,"ix":5},"c":{"a":0,"k":[1,1,1],"ix":3}},{"ty":"fl","bm":0,"hd":false,"mn":"ADBE Vector Graphic - Fill","nm":"Fill 1","c":{"a":0,"k":[0.1098,0.1137,0.1216],"ix":4},"r":1,"o":{"a":0,"k":100,"ix":5}},{"ty":"tr","a":{"a":0,"k":[0,0],"ix":1},"s":{"a":0,"k":[100,100],"ix":3},"sk":{"a":0,"k":0,"ix":4},"p":{"a":0,"k":[0,0],"ix":2},"r":{"a":0,"k":0,"ix":6},"sa":{"a":0,"k":0,"ix":5},"o":{"a":0,"k":100,"ix":7}}]}],"ind":9},{"ty":4,"nm":"green cycle","sr":1,"st":0,"op":90,"ip":0,"hd":false,"ddd":0,"bm":0,"hasMask":false,"ao":0,"ks":{"a":{"a":0,"k":[-148.75,90.25,0],"ix":1},"s":{"a":0,"k":[100,100,100],"ix":6},"sk":{"a":0,"k":0},"p":{"a":0,"k":[351.75,236.75,0],"ix":2},"r":{"a":0,"k":0,"ix":10},"sa":{"a":0,"k":0},"o":{"a":0,"k":100,"ix":11}},"ef":[],"shapes":[{"ty":"gr","bm":0,"hd":false,"mn":"ADBE Vector Group","nm":"Ellipse 1","ix":1,"cix":2,"np":3,"it":[{"ty":"el","bm":0,"hd":false,"mn":"ADBE Vector Shape - Ellipse","nm":"Ellipse Path 1","d":1,"p":{"a":0,"k":[0,0],"ix":3},"s":{"a":0,"k":[118.5,118.5],"ix":2}},{"ty":"st","bm":0,"hd":false,"mn":"ADBE Vector Graphic - Stroke","nm":"Stroke 1","lc":1,"lj":1,"ml":4,"o":{"a":0,"k":100,"ix":4},"w":{"a":0,"k":4.5,"ix":5},"c":{"a":0,"k":[0.3059,0.4196,0.9608],"ix":3}},{"ty":"fl","bm":0,"hd":false,"mn":"ADBE Vector Graphic - Fill","nm":"Fill 1","c":{"a":0,"k":[0.3059,0.4196,0.9608],"ix":4},"r":1,"o":{"a":0,"k":100,"ix":5}},{"ty":"tr","a":{"a":0,"k":[0,0],"ix":1},"s":{"a":0,"k":[100,100],"ix":3},"sk":{"a":0,"k":0,"ix":4},"p":{"a":0,"k":[-148.75,90.25],"ix":2},"r":{"a":0,"k":0,"ix":6},"sa":{"a":0,"k":0,"ix":5},"o":{"a":0,"k":100,"ix":7}}]}],"ind":10},{"ty":4,"nm":"black cycle","sr":1,"st":0,"op":90,"ip":0,"hd":false,"ddd":0,"bm":0,"hasMask":false,"ao":0,"ks":{"a":{"a":0,"k":[-148.75,90.25,0],"ix":1},"s":{"a":0,"k":[100,100,100],"ix":6},"sk":{"a":0,"k":0},"p":{"a":0,"k":[68.25,259.75,0],"ix":2},"r":{"a":0,"k":0,"ix":10},"sa":{"a":0,"k":0},"o":{"a":0,"k":100,"ix":11}},"ef":[],"shapes":[{"ty":"gr","bm":0,"hd":false,"mn":"ADBE Vector Group","nm":"Ellipse 1","ix":1,"cix":2,"np":3,"it":[{"ty":"el","bm":0,"hd":false,"mn":"ADBE Vector Shape - Ellipse","nm":"Ellipse Path 1","d":1,"p":{"a":0,"k":[0,0],"ix":3},"s":{"a":0,"k":[118.5,118.5],"ix":2}},{"ty":"st","bm":0,"hd":false,"mn":"ADBE Vector Graphic - Stroke","nm":"Stroke 1","lc":1,"lj":1,"ml":4,"o":{"a":0,"k":100,"ix":4},"w":{"a":0,"k":4.5,"ix":5},"c":{"a":0,"k":[1,1,1],"ix":3}},{"ty":"fl","bm":0,"hd":false,"mn":"ADBE Vector Graphic - Fill","nm":"Fill 1","c":{"a":0,"k":[1,1,1],"ix":4},"r":1,"o":{"a":0,"k":100,"ix":5}},{"ty":"tr","a":{"a":0,"k":[0,0],"ix":1},"s":{"a":0,"k":[100,100],"ix":3},"sk":{"a":0,"k":0,"ix":4},"p":{"a":0,"k":[-148.75,90.25],"ix":2},"r":{"a":0,"k":0,"ix":6},"sa":{"a":0,"k":0,"ix":5},"o":{"a":0,"k":100,"ix":7}}]}],"ind":11}],"v":"5.7.4","fr":60,"op":90,"ip":0,"assets":[]}