{"nm":"No_internet","ddd":0,"h":270,"w":580,"meta":{"g":"@lottiefiles/toolkit-js 0.33.2"},"layers":[{"ty":4,"nm":"stroke cycle","sr":1,"st":0,"op":600,"ip":0,"hd":false,"ddd":0,"bm":0,"hasMask":false,"ao":0,"ks":{"a":{"a":0,"k":[-233.74,7.35,0],"ix":1},"s":{"a":0,"k":[100,100,100],"ix":6},"sk":{"a":0,"k":0},"p":{"a":0,"k":[61.76,143.725,0],"ix":2},"r":{"a":0,"k":0,"ix":10},"sa":{"a":0,"k":0},"o":{"a":0,"k":100,"ix":11}},"ef":[],"shapes":[{"ty":"gr","bm":0,"hd":false,"mn":"ADBE Vector Group","nm":"Group 1","ix":1,"cix":2,"np":2,"it":[{"ty":"sh","bm":0,"hd":false,"mn":"ADBE Vector Shape - Group","nm":"Path 1","ix":1,"d":1,"ks":{"a":0,"k":{"c":false,"i":[[33.689,0],[0,33.689],[-33.689,0]],"o":[[-33.689,0],[0,-33.689],[33.689,0]],"v":[[-203.24,68.35],[-264.24,7.35],[-203.24,-53.65]]},"ix":2}},{"ty":"st","bm":0,"hd":false,"mn":"ADBE Vector Graphic - Stroke","nm":"Stroke 1","lc":1,"lj":1,"ml":10,"o":{"a":0,"k":100,"ix":4},"w":{"a":0,"k":4.5,"ix":5},"c":{"a":0,"k":[0.1098,0.1137,0.1216],"ix":3}},{"ty":"tr","a":{"a":0,"k":[0,0],"ix":1},"s":{"a":0,"k":[100,100],"ix":3},"sk":{"a":0,"k":0,"ix":4},"p":{"a":0,"k":[0,0],"ix":2},"r":{"a":0,"k":0,"ix":6},"sa":{"a":0,"k":0,"ix":5},"o":{"a":0,"k":100,"ix":7}}]}],"ind":1},{"ty":4,"nm":"burst 03","sr":1,"st":-85,"op":47,"ip":11,"hd":false,"ddd":0,"bm":0,"hasMask":false,"ao":0,"ks":{"a":{"a":0,"k":[32.484,-89.049,0],"ix":1},"s":{"a":0,"k":[100,100,100],"ix":6},"sk":{"a":0,"k":0},"p":{"a":0,"k":[322.484,45.951,0],"ix":2},"r":{"a":0,"k":0,"ix":10},"sa":{"a":0,"k":0},"o":{"a":0,"k":100,"ix":11}},"ef":[],"shapes":[{"ty":"gr","bm":0,"hd":false,"mn":"ADBE Vector Group","nm":"Group 15","ix":1,"cix":2,"np":2,"it":[{"ty":"sh","bm":0,"hd":false,"mn":"ADBE Vector Shape - Group","nm":"Path 1","ix":1,"d":1,"ks":{"a":0,"k":{"c":false,"i":[[0,0],[0,0]],"o":[[0,0],[0,0]],"v":[[24.629,-77.55],[40.339,-100.548]]},"ix":2}},{"ty":"st","bm":0,"hd":false,"mn":"ADBE Vector Graphic - Stroke","nm":"Stroke 1","lc":1,"lj":1,"ml":10,"o":{"a":0,"k":100,"ix":4},"w":{"a":0,"k":4.5,"ix":5},"c":{"a":0,"k":[0.1098,0.1137,0.1216],"ix":3}},{"ty":"tr","a":{"a":0,"k":[0,0],"ix":1},"s":{"a":0,"k":[100,100],"ix":3},"sk":{"a":0,"k":0,"ix":4},"p":{"a":0,"k":[0,0],"ix":2},"r":{"a":0,"k":0,"ix":6},"sa":{"a":0,"k":0,"ix":5},"o":{"a":0,"k":100,"ix":7}}]},{"ty":"tm","bm":0,"hd":false,"mn":"ADBE Vector Filter - Trim","nm":"Trim Paths 1","ix":2,"e":{"a":0,"k":100,"ix":2},"o":{"a":0,"k":0,"ix":3},"s":{"a":0,"k":0,"ix":1},"m":1},{"ty":"tm","bm":0,"hd":false,"mn":"ADBE Vector Filter - Trim","nm":"Trim Paths 2","ix":3,"e":{"a":1,"k":[{"o":{"x":0.001,"y":0},"i":{"x":0.4,"y":1},"s":[0],"t":25},{"s":[100],"t":42}],"ix":2},"o":{"a":0,"k":0,"ix":3},"s":{"a":1,"k":[{"o":{"x":0.6,"y":0},"i":{"x":0.4,"y":1},"s":[0],"t":-1},{"s":[100],"t":44}],"ix":1},"m":1}],"ind":2},{"ty":4,"nm":"burst 02","sr":1,"st":-87,"op":47,"ip":9,"hd":false,"ddd":0,"bm":0,"hasMask":false,"ao":0,"ks":{"a":{"a":0,"k":[1.618,-98.291,0],"ix":1},"s":{"a":0,"k":[100,100,100],"ix":6},"sk":{"a":0,"k":0},"p":{"a":0,"k":[291.618,36.709,0],"ix":2},"r":{"a":0,"k":0,"ix":10},"sa":{"a":0,"k":0},"o":{"a":0,"k":100,"ix":11}},"ef":[],"shapes":[{"ty":"gr","bm":0,"hd":false,"mn":"ADBE Vector Group","nm":"Group 16","ix":1,"cix":2,"np":2,"it":[{"ty":"sh","bm":0,"hd":false,"mn":"ADBE Vector Shape - Group","nm":"Path 1","ix":1,"d":1,"ks":{"a":0,"k":{"c":false,"i":[[0,0],[0,0]],"o":[[0,0],[0,0]],"v":[[1.618,-114.714],[1.618,-81.867]]},"ix":2}},{"ty":"st","bm":0,"hd":false,"mn":"ADBE Vector Graphic - Stroke","nm":"Stroke 1","lc":1,"lj":1,"ml":10,"o":{"a":0,"k":100,"ix":4},"w":{"a":0,"k":4.5,"ix":5},"c":{"a":0,"k":[0.1098,0.1137,0.1216],"ix":3}},{"ty":"tr","a":{"a":0,"k":[0,0],"ix":1},"s":{"a":0,"k":[100,100],"ix":3},"sk":{"a":0,"k":0,"ix":4},"p":{"a":0,"k":[0,0],"ix":2},"r":{"a":0,"k":0,"ix":6},"sa":{"a":0,"k":0,"ix":5},"o":{"a":0,"k":100,"ix":7}}]},{"ty":"tm","bm":0,"hd":false,"mn":"ADBE Vector Filter - Trim","nm":"Trim Paths 1","ix":2,"e":{"a":1,"k":[{"o":{"x":0.6,"y":0},"i":{"x":0.4,"y":1},"s":[100],"t":-3},{"s":[0],"t":42}],"ix":2},"o":{"a":0,"k":0,"ix":3},"s":{"a":1,"k":[{"o":{"x":0.001,"y":0},"i":{"x":0.4,"y":1},"s":[100],"t":23},{"s":[0],"t":40}],"ix":1},"m":1}],"ind":3},{"ty":4,"nm":"burst 01","sr":1,"st":-83,"op":47,"ip":13,"hd":false,"ddd":0,"bm":0,"hasMask":false,"ao":0,"ks":{"a":{"a":0,"k":[-29.655,-91.807,0],"ix":1},"s":{"a":0,"k":[100,100,100],"ix":6},"sk":{"a":0,"k":0},"p":{"a":0,"k":[260.345,43.193,0],"ix":2},"r":{"a":0,"k":0,"ix":10},"sa":{"a":0,"k":0},"o":{"a":0,"k":100,"ix":11}},"ef":[],"shapes":[{"ty":"gr","bm":0,"hd":false,"mn":"ADBE Vector Group","nm":"Group 17","ix":1,"cix":2,"np":2,"it":[{"ty":"sh","bm":0,"hd":false,"mn":"ADBE Vector Shape - Group","nm":"Path 1","ix":1,"d":1,"ks":{"a":0,"k":{"c":false,"i":[[0,0],[0,0]],"o":[[0,0],[0,0]],"v":[[-36.139,-107.245],[-23.171,-76.368]]},"ix":2}},{"ty":"st","bm":0,"hd":false,"mn":"ADBE Vector Graphic - Stroke","nm":"Stroke 1","lc":1,"lj":1,"ml":10,"o":{"a":0,"k":100,"ix":4},"w":{"a":0,"k":4.5,"ix":5},"c":{"a":0,"k":[0.1098,0.1137,0.1216],"ix":3}},{"ty":"tr","a":{"a":0,"k":[0,0],"ix":1},"s":{"a":0,"k":[100,100],"ix":3},"sk":{"a":0,"k":0,"ix":4},"p":{"a":0,"k":[0,0],"ix":2},"r":{"a":0,"k":0,"ix":6},"sa":{"a":0,"k":0,"ix":5},"o":{"a":0,"k":100,"ix":7}}]},{"ty":"tm","bm":0,"hd":false,"mn":"ADBE Vector Filter - Trim","nm":"Trim Paths 1","ix":2,"e":{"a":1,"k":[{"o":{"x":0.6,"y":0},"i":{"x":0.4,"y":1},"s":[100],"t":1},{"s":[0],"t":46}],"ix":2},"o":{"a":0,"k":0,"ix":3},"s":{"a":1,"k":[{"o":{"x":0.001,"y":0},"i":{"x":0.4,"y":1},"s":[100],"t":27},{"s":[0],"t":44}],"ix":1},"m":1}],"ind":4},{"ty":3,"nm":"NULL right hand","sr":1,"st":0,"op":600,"ip":0,"hd":false,"ddd":0,"bm":0,"hasMask":false,"ao":0,"ks":{"a":{"a":0,"k":[50,50,0],"ix":1},"s":{"a":0,"k":[100,100,100],"ix":6},"sk":{"a":0,"k":0},"p":{"a":0,"k":[430.393,136.746,0],"ix":2},"r":{"a":0,"k":0,"ix":10},"sa":{"a":0,"k":0},"o":{"a":0,"k":0,"ix":11}},"ef":[],"ind":5},{"ty":4,"nm":"MASK right hand 2","sr":1,"st":0,"op":600,"ip":0,"hd":false,"ddd":0,"bm":0,"hasMask":false,"td":1,"ao":0,"ks":{"a":{"a":0,"k":[198.212,-13,0],"ix":1},"s":{"a":0,"k":[100,100,100],"ix":6},"sk":{"a":0,"k":0},"p":{"a":0,"k":[480.212,125.25,0],"ix":2},"r":{"a":0,"k":0,"ix":10},"sa":{"a":0,"k":0},"o":{"a":0,"k":100,"ix":11}},"ef":[],"shapes":[{"ty":"gr","bm":0,"hd":false,"mn":"ADBE Vector Group","nm":"Group 1","ix":1,"cix":2,"np":3,"it":[{"ty":"sh","bm":0,"hd":false,"mn":"ADBE Vector Shape - Group","nm":"Path 1","ix":1,"d":1,"ks":{"a":0,"k":{"c":true,"i":[[25.459,7.334],[0,0],[0,0],[0,0],[0,0],[0,0],[-4.849,0],[0,33.689]],"o":[[0,0],[0,0],[0,0],[0,0],[0,0],[4.522,1.069],[33.689,0],[0,-27.819]],"v":[[218.6,-52.206],[218.7,-132.913],[-9.665,-132.924],[-9.656,130.402],[187.717,130.413],[187.609,65.748],[201.689,67.4],[262.689,6.4]]},"ix":2}},{"ty":"st","bm":0,"hd":false,"mn":"ADBE Vector Graphic - Stroke","nm":"Stroke 1","lc":1,"lj":1,"ml":10,"o":{"a":0,"k":100,"ix":4},"w":{"a":0,"k":4.5,"ix":5},"c":{"a":0,"k":[0.1098,0.1137,0.1216],"ix":3}},{"ty":"fl","bm":0,"hd":false,"mn":"ADBE Vector Graphic - Fill","nm":"Fill 1","c":{"a":0,"k":[1,1,1],"ix":4},"r":1,"o":{"a":0,"k":100,"ix":5}},{"ty":"tr","a":{"a":0,"k":[0,0],"ix":1},"s":{"a":0,"k":[100,100],"ix":3},"sk":{"a":0,"k":0,"ix":4},"p":{"a":0,"k":[0,0],"ix":2},"r":{"a":0,"k":0,"ix":6},"sa":{"a":0,"k":0,"ix":5},"o":{"a":0,"k":100,"ix":7}}]}],"ind":6},{"ty":4,"nm":"right hand 2","sr":1,"st":0,"op":600,"ip":70,"hd":false,"ddd":0,"bm":0,"tt":1,"hasMask":false,"ao":0,"ks":{"a":{"a":0,"k":[555.393,158.246,0],"ix":1},"s":{"a":0,"k":[100,100,100],"ix":6},"sk":{"a":0,"k":0},"p":{"a":1,"k":[{"o":{"x":0.6,"y":0},"i":{"x":0.4,"y":1},"s":[169,71.5,0],"t":70,"ti":[9.607,4.254,0],"to":[-9.018,4.629,0]},{"s":[138,71.5,0],"t":97}],"ix":2},"r":{"a":1,"k":[{"o":{"x":0.333,"y":0},"i":{"x":0.667,"y":1},"s":[0],"t":70},{"o":{"x":0.333,"y":0},"i":{"x":0.667,"y":1},"s":[-1],"t":92},{"s":[0],"t":111}],"ix":10},"sa":{"a":0,"k":0},"o":{"a":0,"k":100,"ix":11}},"ef":[],"shapes":[{"ty":"gr","bm":0,"hd":false,"mn":"ADBE Vector Group","nm":"Group 1","ix":1,"cix":2,"np":1,"it":[{"ty":"gr","bm":0,"hd":false,"mn":"ADBE Vector Group","nm":"Group 1","ix":1,"cix":2,"np":2,"it":[{"ty":"sh","bm":0,"hd":false,"mn":"ADBE Vector Shape - Group","nm":"Path 1","ix":1,"d":1,"ks":{"a":0,"k":{"c":true,"i":[[0,0],[0,0],[0,0],[-3.498,20.109],[5.28,11.495]],"o":[[0,0],[0,0],[0,0],[1.971,-12.494],[0,0]],"v":[[251.955,-13.875],[234.401,58.983],[275.225,69.555],[297.731,33.589],[292.658,-3.198]]},"ix":2}},{"ty":"fl","bm":0,"hd":false,"mn":"ADBE Vector Graphic - Fill","nm":"Fill 1","c":{"a":0,"k":[0.1098,0.1137,0.1216],"ix":4},"r":1,"o":{"a":0,"k":100,"ix":5}},{"ty":"tr","a":{"a":0,"k":[0,0],"ix":1},"s":{"a":0,"k":[100,100],"ix":3},"sk":{"a":0,"k":0,"ix":4},"p":{"a":0,"k":[0,0],"ix":2},"r":{"a":0,"k":0,"ix":6},"sa":{"a":0,"k":0,"ix":5},"o":{"a":0,"k":100,"ix":7}}]},{"ty":"tr","a":{"a":0,"k":[227.208,16.722],"ix":1},"s":{"a":0,"k":[100,100],"ix":3},"sk":{"a":0,"k":0,"ix":4},"p":{"a":0,"k":[517.208,151.722],"ix":2},"r":{"a":0,"k":0,"ix":6},"sa":{"a":0,"k":0,"ix":5},"o":{"a":0,"k":100,"ix":7}}]},{"ty":"gr","bm":0,"hd":false,"mn":"ADBE Vector Group","nm":"Group 3","ix":2,"cix":2,"np":1,"it":[{"ty":"gr","bm":0,"hd":false,"mn":"ADBE Vector Group","nm":"Group 3","ix":1,"cix":2,"np":2,"it":[{"ty":"sh","bm":0,"hd":false,"mn":"ADBE Vector Shape - Group","nm":"Path 1","ix":1,"d":1,"ks":{"a":1,"k":[{"o":{"x":0.333,"y":0},"i":{"x":0.667,"y":1},"s":[{"c":false,"i":[[0,0],[5.451,6.796],[3.975,-0.952],[-8.766,-17.334],[0,0]],"o":[[0,0],[-5.451,-6.796],[-3.972,0.952],[8.766,17.335],[0,0]],"v":[[137.746,-49.316],[98.662,-110.676],[87.022,-117.242],[91.948,-90.978],[121.135,-42.028]]}],"t":70},{"o":{"x":0.333,"y":0},"i":{"x":0.667,"y":1},"s":[{"c":false,"i":[[0,0],[12.486,27.749],[5.916,3.033],[-6.331,-20.479],[0,0]],"o":[[0,0],[-6.933,-15.408],[-7.617,-3.905],[7.091,22.938],[0,0]],"v":[[137.746,-49.316],[110.855,-91.927],[95.836,-119.228],[90.78,-91.638],[121.135,-42.028]]}],"t":88},{"s":[{"c":false,"i":[[0,0],[5.451,6.796],[3.975,-0.952],[-8.766,-17.334],[0,0]],"o":[[0,0],[-5.451,-6.796],[-3.972,0.952],[8.766,17.335],[0,0]],"v":[[137.746,-49.316],[98.662,-110.676],[87.022,-117.242],[91.948,-90.978],[121.135,-42.028]]}],"t":107}],"ix":2}},{"ty":"st","bm":0,"hd":false,"mn":"ADBE Vector Graphic - Stroke","nm":"Stroke 1","lc":1,"lj":1,"ml":10,"o":{"a":0,"k":100,"ix":4},"w":{"a":0,"k":4.5,"ix":5},"c":{"a":0,"k":[0.1098,0.1137,0.1216],"ix":3}},{"ty":"tr","a":{"a":0,"k":[0,0],"ix":1},"s":{"a":0,"k":[100,100],"ix":3},"sk":{"a":0,"k":0,"ix":4},"p":{"a":0,"k":[0,0],"ix":2},"r":{"a":0,"k":0,"ix":6},"sa":{"a":0,"k":0,"ix":5},"o":{"a":0,"k":100,"ix":7}}]},{"ty":"tr","a":{"a":0,"k":[111.131,-79.804],"ix":1},"s":{"a":0,"k":[100,100],"ix":3},"sk":{"a":0,"k":0,"ix":4},"p":{"a":0,"k":[401.131,55.196],"ix":2},"r":{"a":0,"k":0,"ix":6},"sa":{"a":0,"k":0,"ix":5},"o":{"a":0,"k":100,"ix":7}}]},{"ty":"gr","bm":0,"hd":false,"mn":"ADBE Vector Group","nm":"Group 4","ix":3,"cix":2,"np":1,"it":[{"ty":"gr","bm":0,"hd":false,"mn":"ADBE Vector Group","nm":"Group 4","ix":1,"cix":2,"np":2,"it":[{"ty":"sh","bm":0,"hd":false,"mn":"ADBE Vector Shape - Group","nm":"Path 1","ix":1,"d":1,"ks":{"a":1,"k":[{"o":{"x":0.333,"y":0},"i":{"x":0.667,"y":1},"s":[{"c":false,"i":[[0,0],[5.205,8.437],[2.364,-1.116],[-5.631,-15.217],[0,0]],"o":[[0,0],[-5.202,-8.437],[-2.361,1.116],[2.61,7.141],[0,0]],"v":[[153.112,-54.634],[121.381,-110.676],[109.003,-118.49],[110.236,-98.972],[115.603,-84.789]]}],"t":70},{"o":{"x":0.333,"y":0},"i":{"x":0.667,"y":1},"s":[{"c":false,"i":[[0,0],[7.135,28.237],[5.574,1.497],[-1.637,-15.704],[0,0]],"o":[[0,0],[-3.045,-12.051],[-3.884,-1.043],[1.726,16.562],[0,0]],"v":[[153.112,-54.634],[133.697,-96.017],[122.321,-120.558],[115.806,-99.147],[126.729,-63.821]]}],"t":88},{"s":[{"c":false,"i":[[0,0],[5.205,8.437],[2.364,-1.116],[-5.631,-15.217],[0,0]],"o":[[0,0],[-5.202,-8.437],[-2.361,1.116],[2.61,7.141],[0,0]],"v":[[153.112,-54.634],[121.381,-110.676],[109.003,-118.49],[110.236,-98.972],[115.603,-84.789]]}],"t":107}],"ix":2}},{"ty":"st","bm":0,"hd":false,"mn":"ADBE Vector Graphic - Stroke","nm":"Stroke 1","lc":1,"lj":1,"ml":10,"o":{"a":0,"k":100,"ix":4},"w":{"a":0,"k":4.5,"ix":5},"c":{"a":0,"k":[0.1098,0.1137,0.1216],"ix":3}},{"ty":"tr","a":{"a":0,"k":[0,0],"ix":1},"s":{"a":0,"k":[100,100],"ix":3},"sk":{"a":0,"k":0,"ix":4},"p":{"a":0,"k":[0,0],"ix":2},"r":{"a":0,"k":0,"ix":6},"sa":{"a":0,"k":0,"ix":5},"o":{"a":0,"k":100,"ix":7}}]},{"ty":"tr","a":{"a":0,"k":[129.864,-86.781],"ix":1},"s":{"a":0,"k":[100,100],"ix":3},"sk":{"a":0,"k":0,"ix":4},"p":{"a":0,"k":[419.864,48.219],"ix":2},"r":{"a":0,"k":0,"ix":6},"sa":{"a":0,"k":0,"ix":5},"o":{"a":0,"k":100,"ix":7}}]},{"ty":"gr","bm":0,"hd":false,"mn":"ADBE Vector Group","nm":"Group 9","ix":4,"cix":2,"np":1,"it":[{"ty":"gr","bm":0,"hd":false,"mn":"ADBE Vector Group","nm":"Group 9","ix":1,"cix":2,"np":2,"it":[{"ty":"sh","bm":0,"hd":false,"mn":"ADBE Vector Shape - Group","nm":"Path 1","ix":1,"d":1,"ks":{"a":1,"k":[{"o":{"x":0.333,"y":0},"i":{"x":0.833,"y":0.833},"s":[{"c":false,"i":[[0,0],[-7.452,-12.459]],"o":[[7.026,0],[0,0]],"v":[[64.519,-31.686],[91.621,-18.061]]}],"t":70},{"o":{"x":0.167,"y":0.167},"i":{"x":0.667,"y":1},"s":[{"c":false,"i":[[0,0],[-8.188,-9.871]],"o":[[10.26,-0.404],[0,0]],"v":[[64.331,-31.695],[92.417,-20.798]]}],"t":92},{"s":[{"c":false,"i":[[0,0],[-7.452,-12.459]],"o":[[7.026,0],[0,0]],"v":[[64.831,-31.686],[91.621,-18.061]]}],"t":113}],"ix":2}},{"ty":"st","bm":0,"hd":false,"mn":"ADBE Vector Graphic - Stroke","nm":"Stroke 1","lc":1,"lj":1,"ml":10,"o":{"a":0,"k":100,"ix":4},"w":{"a":0,"k":4.5,"ix":5},"c":{"a":0,"k":[0.1098,0.1137,0.1216],"ix":3}},{"ty":"tr","a":{"a":0,"k":[0,0],"ix":1},"s":{"a":0,"k":[100,100],"ix":3},"sk":{"a":0,"k":0,"ix":4},"p":{"a":0,"k":[0,0],"ix":2},"r":{"a":0,"k":0,"ix":6},"sa":{"a":0,"k":0,"ix":5},"o":{"a":0,"k":100,"ix":7}}]},{"ty":"tr","a":{"a":0,"k":[78.226,-24.874],"ix":1},"s":{"a":0,"k":[100,100],"ix":3},"sk":{"a":0,"k":0,"ix":4},"p":{"a":0,"k":[368.226,110.126],"ix":2},"r":{"a":0,"k":0,"ix":6},"sa":{"a":0,"k":0,"ix":5},"o":{"a":0,"k":100,"ix":7}}]},{"ty":"gr","bm":0,"hd":false,"mn":"ADBE Vector Group","nm":"Group 2","ix":5,"cix":2,"np":2,"it":[{"ty":"gr","bm":0,"hd":false,"mn":"ADBE Vector Group","nm":"Group 2","ix":1,"cix":2,"np":2,"it":[{"ty":"sh","bm":0,"hd":false,"mn":"ADBE Vector Shape - Group","nm":"Path 1","ix":1,"d":1,"ks":{"a":1,"k":[{"o":{"x":0.333,"y":0},"i":{"x":0.667,"y":1},"s":[{"c":false,"i":[[0,0],[15.315,-0.394],[2.856,-3.94],[-10.605,1.543],[-10.785,-14.166],[6.96,-5.795],[5.304,1.297],[1.365,-4.924],[-23.589,-9.849],[-11.949,-1.33],[0,0],[-3.405,13.047],[5.547,12.29],[0,0],[2.214,10.178],[8.421,0.148],[0,0]],"o":[[-4.545,-5.368],[-15.315,0.394],[-2.856,3.94],[10.602,-1.543],[10.785,14.166],[-6.96,5.794],[-5.301,-1.297],[-1.362,4.924],[17.499,7.338],[0,0],[10.845,-8.012],[3.405,-13.047],[0,0],[0,0],[-2.217,-10.177],[-8.421,-0.148],[0,0]],"v":[[113.29,-54.634],[80.461,-71.247],[41.326,-58.377],[52.03,-49.447],[87.436,-43.193],[85.975,-9.772],[48.22,-12.136],[34.447,-10.494],[64.144,14.129],[137.683,30.741],[275.162,68.668],[297.185,36.123],[293.876,-3.033],[170.185,-33.754],[156.775,-86.71],[145.858,-110.594],[143.134,-72.363]]}],"t":70},{"o":{"x":0.333,"y":0},"i":{"x":0.667,"y":1},"s":[{"c":false,"i":[[0,0],[15.315,-0.394],[2.856,-3.94],[-10.605,1.543],[-10.785,-14.166],[6.96,-5.795],[5.304,1.297],[1.365,-4.924],[-23.589,-9.849],[-11.949,-1.33],[0,0],[-3.405,13.047],[5.547,12.29],[0,0],[-0.996,33.385],[8.237,1.754],[0,0]],"o":[[-4.545,-5.368],[-15.315,0.394],[-2.856,3.94],[10.602,-1.543],[10.785,14.166],[-6.96,5.795],[-5.301,-1.297],[-1.362,4.925],[17.499,7.338],[0,0],[10.845,-8.012],[3.405,-13.047],[0,0],[0,0],[0.458,-15.345],[-6.824,-1.453],[0,0]],"v":[[111.908,-54.426],[80.461,-71.247],[41.326,-58.377],[52.03,-49.447],[87.436,-43.193],[85.975,-9.772],[48.22,-12.136],[34.447,-10.494],[64.144,14.129],[137.683,30.741],[275.162,68.668],[297.185,36.123],[293.876,-3.033],[170.185,-33.754],[158.979,-85.143],[152.853,-110.315],[142.85,-71.246]]}],"t":88},{"s":[{"c":false,"i":[[0,0],[15.315,-0.394],[2.856,-3.94],[-10.605,1.543],[-10.785,-14.166],[6.96,-5.795],[5.304,1.297],[1.365,-4.924],[-23.589,-9.849],[-11.949,-1.33],[0,0],[-3.405,13.047],[5.547,12.29],[0,0],[2.214,10.178],[8.421,0.148],[0,0]],"o":[[-4.545,-5.368],[-15.315,0.394],[-2.856,3.94],[10.602,-1.543],[10.785,14.166],[-6.96,5.794],[-5.301,-1.297],[-1.362,4.924],[17.499,7.338],[0,0],[10.845,-8.012],[3.405,-13.047],[0,0],[0,0],[-2.217,-10.177],[-8.421,-0.148],[0,0]],"v":[[113.29,-54.634],[80.461,-71.247],[41.326,-58.377],[52.03,-49.447],[87.436,-43.193],[85.975,-9.772],[48.22,-12.136],[34.447,-10.494],[64.144,14.129],[137.683,30.741],[275.162,68.668],[297.185,36.123],[293.876,-3.033],[170.185,-33.754],[156.775,-86.71],[145.858,-110.594],[143.134,-72.363]]}],"t":107}],"ix":2}},{"ty":"st","bm":0,"hd":false,"mn":"ADBE Vector Graphic - Stroke","nm":"Stroke 1","lc":1,"lj":1,"ml":4,"o":{"a":0,"k":100,"ix":4},"w":{"a":0,"k":4.5,"ix":5},"c":{"a":0,"k":[0.1098,0.1137,0.1216],"ix":3}},{"ty":"tr","a":{"a":0,"k":[0,0],"ix":1},"s":{"a":0,"k":[100,100],"ix":3},"sk":{"a":0,"k":0,"ix":4},"p":{"a":0,"k":[0,0],"ix":2},"r":{"a":0,"k":0,"ix":6},"sa":{"a":0,"k":0,"ix":5},"o":{"a":0,"k":100,"ix":7}}]},{"ty":"fl","bm":0,"hd":false,"mn":"ADBE Vector Graphic - Fill","nm":"Fill 1","c":{"a":0,"k":[1,1,1],"ix":4},"r":1,"o":{"a":0,"k":100,"ix":5}},{"ty":"tr","a":{"a":0,"k":[147.07,-27.213],"ix":1},"s":{"a":0,"k":[100,100],"ix":3},"sk":{"a":0,"k":0,"ix":4},"p":{"a":0,"k":[437.07,107.787],"ix":2},"r":{"a":0,"k":0,"ix":6},"sa":{"a":0,"k":0,"ix":5},"o":{"a":0,"k":100,"ix":7}}]},{"ty":"gr","bm":0,"hd":false,"mn":"ADBE Vector Group","nm":"wire","ix":6,"cix":2,"np":1,"it":[{"ty":"gr","bm":0,"hd":false,"mn":"ADBE Vector Group","nm":"Group 10","ix":1,"cix":2,"np":2,"it":[{"ty":"sh","bm":0,"hd":false,"mn":"ADBE Vector Shape - Group","nm":"Path 1","ix":1,"d":1,"ks":{"a":1,"k":[{"o":{"x":0.167,"y":0},"i":{"x":0.833,"y":0.833},"s":[{"c":false,"i":[[0,0],[-34.374,0.033],[-23.211,7.682],[-4.131,-12.79]],"o":[[12.606,38.018],[39.201,0],[10.146,-3.283],[0,0]],"v":[[101.305,23.699],[129.883,122.42],[194.395,56.086],[221.131,71.79]]}],"t":70},{"o":{"x":0.167,"y":0.167},"i":{"x":0.667,"y":1},"s":[{"c":false,"i":[[0,0],[-38.076,0.062],[-20.105,10.831],[-2.309,-13.914]],"o":[[19.544,39.294],[39.201,-0.064],[11.428,-5.121],[0,0]],"v":[[108.542,24.566],[136.882,122.547],[194.395,56.086],[220.253,72.343]]}],"t":92},{"s":[{"c":false,"i":[[0,0],[-34.374,0.033],[-23.211,7.682],[-2.881,-17.29]],"o":[[12.606,38.018],[39.201,0],[10.146,-3.283],[0,0]],"v":[[101.305,23.699],[129.883,122.42],[194.395,56.086],[223.381,74.79]]}],"t":113}],"ix":2}},{"ty":"st","bm":0,"hd":false,"mn":"ADBE Vector Graphic - Stroke","nm":"Stroke 1","lc":1,"lj":1,"ml":10,"o":{"a":0,"k":100,"ix":4},"w":{"a":0,"k":4.5,"ix":5},"c":{"a":0,"k":[0.1098,0.1137,0.1216],"ix":3}},{"ty":"tr","a":{"a":0,"k":[0,0],"ix":1},"s":{"a":0,"k":[100,100],"ix":3},"sk":{"a":0,"k":0,"ix":4},"p":{"a":0,"k":[0,0],"ix":2},"r":{"a":0,"k":0,"ix":6},"sa":{"a":0,"k":0,"ix":5},"o":{"a":0,"k":100,"ix":7}}]},{"ty":"tr","a":{"a":0,"k":[159.957,73.06],"ix":1},"s":{"a":0,"k":[100,100],"ix":3},"sk":{"a":0,"k":0,"ix":4},"p":{"a":0,"k":[449.957,208.06],"ix":2},"r":{"a":0,"k":0,"ix":6},"sa":{"a":0,"k":0,"ix":5},"o":{"a":0,"k":100,"ix":7}}]},{"ty":"gr","bm":0,"hd":false,"mn":"ADBE Vector Group","nm":"Group 113","ix":7,"cix":2,"np":1,"it":[{"ty":"gr","bm":0,"hd":false,"mn":"ADBE Vector Group","nm":"Group 13","ix":1,"cix":2,"np":2,"it":[{"ty":"sh","bm":0,"hd":false,"mn":"ADBE Vector Shape - Group","nm":"Path 1","ix":1,"d":1,"ks":{"a":1,"k":[{"o":{"x":0.333,"y":0},"i":{"x":0.667,"y":1},"s":[{"c":true,"i":[[0,0],[0,0],[-3.495,-3.51],[0,-4.953],[3.492,-3.491],[4.935,-0.026],[0,0]],"o":[[0,0],[4.953,0.022],[3.495,3.51],[-0.024,4.938],[-3.492,3.492],[0,0],[0,0]],"v":[[32.938,-50.416],[46.186,-50.416],[59.374,-44.901],[64.831,-31.686],[59.341,-18.529],[46.186,-13.038],[32.971,-13.038]]}],"t":70},{"s":[{"c":true,"i":[[0,0],[0,0],[-3.495,-3.51],[0,-4.953],[3.492,-3.491],[4.935,-0.026],[0,0]],"o":[[0,0],[4.953,0.022],[3.495,3.51],[-0.024,4.938],[-3.492,3.492],[0,0],[0,0]],"v":[[32.938,-50.416],[46.186,-50.416],[59.374,-44.901],[64.831,-31.686],[59.341,-18.529],[46.186,-13.038],[32.971,-13.038]]}],"t":107}],"ix":2}},{"ty":"fl","bm":0,"hd":false,"mn":"ADBE Vector Graphic - Fill","nm":"Fill 1","c":{"a":0,"k":[0.1098,0.1137,0.1216],"ix":4},"r":1,"o":{"a":0,"k":100,"ix":5}},{"ty":"tr","a":{"a":0,"k":[0,0],"ix":1},"s":{"a":0,"k":[100,100],"ix":3},"sk":{"a":0,"k":0,"ix":4},"p":{"a":0,"k":[0,0],"ix":2},"r":{"a":0,"k":0,"ix":6},"sa":{"a":0,"k":0,"ix":5},"o":{"a":0,"k":100,"ix":7}}]},{"ty":"tr","a":{"a":0,"k":[48.885,-31.727],"ix":1},"s":{"a":0,"k":[100,100],"ix":3},"sk":{"a":0,"k":0,"ix":4},"p":{"a":0,"k":[338.885,103.273],"ix":2},"r":{"a":0,"k":0,"ix":6},"sa":{"a":0,"k":0,"ix":5},"o":{"a":0,"k":100,"ix":7}}]}],"ind":7,"parent":5},{"ty":4,"nm":"MASK right hand","sr":1,"st":0,"op":600,"ip":0,"hd":false,"ddd":0,"bm":0,"hasMask":false,"td":1,"ao":0,"ks":{"a":{"a":0,"k":[198.212,-13,0],"ix":1},"s":{"a":0,"k":[100,100,100],"ix":6},"sk":{"a":0,"k":0},"p":{"a":0,"k":[480.212,125.25,0],"ix":2},"r":{"a":0,"k":0,"ix":10},"sa":{"a":0,"k":0},"o":{"a":0,"k":100,"ix":11}},"ef":[],"shapes":[{"ty":"gr","bm":0,"hd":false,"mn":"ADBE Vector Group","nm":"Group 1","ix":1,"cix":2,"np":3,"it":[{"ty":"sh","bm":0,"hd":false,"mn":"ADBE Vector Shape - Group","nm":"Path 1","ix":1,"d":1,"ks":{"a":0,"k":{"c":true,"i":[[25.459,7.334],[0,0],[0,0],[0,0],[0,0],[0,0],[-4.849,0],[0,33.689]],"o":[[0,0],[0,0],[0,0],[0,0],[0,0],[4.522,1.069],[33.689,0],[0,-27.819]],"v":[[218.6,-52.206],[218.7,-132.913],[-14.165,-132.924],[-14.03,127.902],[187.844,127.913],[187.609,65.748],[201.689,67.4],[262.689,6.4]]},"ix":2}},{"ty":"st","bm":0,"hd":false,"mn":"ADBE Vector Graphic - Stroke","nm":"Stroke 1","lc":1,"lj":1,"ml":10,"o":{"a":0,"k":100,"ix":4},"w":{"a":0,"k":4.5,"ix":5},"c":{"a":0,"k":[0.1098,0.1137,0.1216],"ix":3}},{"ty":"fl","bm":0,"hd":false,"mn":"ADBE Vector Graphic - Fill","nm":"Fill 1","c":{"a":0,"k":[1,1,1],"ix":4},"r":1,"o":{"a":0,"k":100,"ix":5}},{"ty":"tr","a":{"a":0,"k":[0,0],"ix":1},"s":{"a":0,"k":[100,100],"ix":3},"sk":{"a":0,"k":0,"ix":4},"p":{"a":0,"k":[0,0],"ix":2},"r":{"a":0,"k":0,"ix":6},"sa":{"a":0,"k":0,"ix":5},"o":{"a":0,"k":100,"ix":7}}]}],"ind":8},{"ty":4,"nm":"right hand","sr":1,"st":0,"op":70,"ip":0,"hd":false,"ddd":0,"bm":0,"tt":1,"hasMask":false,"ao":0,"ks":{"a":{"a":0,"k":[555.393,158.246,0],"ix":1},"s":{"a":0,"k":[100,100,100],"ix":6},"sk":{"a":0,"k":0},"p":{"a":1,"k":[{"o":{"x":0.6,"y":0},"i":{"x":0.4,"y":1},"s":[138,71.5,0],"t":0,"ti":[-9.393,4.879,0],"to":[10.732,4.254,0]},{"s":[169,71.5,0],"t":27}],"ix":2},"r":{"a":1,"k":[{"o":{"x":0.333,"y":0},"i":{"x":0.667,"y":1},"s":[0],"t":0},{"o":{"x":0.333,"y":0},"i":{"x":0.667,"y":1},"s":[-1],"t":16},{"s":[0],"t":35}],"ix":10},"sa":{"a":0,"k":0},"o":{"a":0,"k":100,"ix":11}},"ef":[],"shapes":[{"ty":"gr","bm":0,"hd":false,"mn":"ADBE Vector Group","nm":"Group 1","ix":1,"cix":2,"np":1,"it":[{"ty":"gr","bm":0,"hd":false,"mn":"ADBE Vector Group","nm":"Group 1","ix":1,"cix":2,"np":2,"it":[{"ty":"sh","bm":0,"hd":false,"mn":"ADBE Vector Shape - Group","nm":"Path 1","ix":1,"d":1,"ks":{"a":0,"k":{"c":true,"i":[[0,0],[0,0],[0,0],[-3.498,20.109],[5.28,11.495]],"o":[[0,0],[0,0],[0,0],[1.971,-12.494],[0,0]],"v":[[251.955,-13.875],[234.401,58.983],[275.225,69.555],[297.731,33.589],[292.658,-3.198]]},"ix":2}},{"ty":"fl","bm":0,"hd":false,"mn":"ADBE Vector Graphic - Fill","nm":"Fill 1","c":{"a":0,"k":[0.1098,0.1137,0.1216],"ix":4},"r":1,"o":{"a":0,"k":100,"ix":5}},{"ty":"tr","a":{"a":0,"k":[0,0],"ix":1},"s":{"a":0,"k":[100,100],"ix":3},"sk":{"a":0,"k":0,"ix":4},"p":{"a":0,"k":[0,0],"ix":2},"r":{"a":0,"k":0,"ix":6},"sa":{"a":0,"k":0,"ix":5},"o":{"a":0,"k":100,"ix":7}}]},{"ty":"tr","a":{"a":0,"k":[227.208,16.722],"ix":1},"s":{"a":0,"k":[100,100],"ix":3},"sk":{"a":0,"k":0,"ix":4},"p":{"a":0,"k":[517.208,151.722],"ix":2},"r":{"a":0,"k":0,"ix":6},"sa":{"a":0,"k":0,"ix":5},"o":{"a":0,"k":100,"ix":7}}]},{"ty":"gr","bm":0,"hd":false,"mn":"ADBE Vector Group","nm":"Group 3","ix":2,"cix":2,"np":1,"it":[{"ty":"gr","bm":0,"hd":false,"mn":"ADBE Vector Group","nm":"Group 3","ix":1,"cix":2,"np":2,"it":[{"ty":"sh","bm":0,"hd":false,"mn":"ADBE Vector Shape - Group","nm":"Path 1","ix":1,"d":1,"ks":{"a":1,"k":[{"o":{"x":0.167,"y":0},"i":{"x":0.833,"y":0.833},"s":[{"c":false,"i":[[0,0],[5.451,6.796],[3.975,-0.952],[-8.766,-17.334],[0,0]],"o":[[0,0],[-5.451,-6.796],[-3.972,0.952],[8.766,17.335],[0,0]],"v":[[137.746,-49.316],[98.662,-110.676],[87.022,-117.242],[91.948,-90.978],[121.135,-42.028]]}],"t":0},{"o":{"x":0.167,"y":0.167},"i":{"x":0.667,"y":1},"s":[{"c":false,"i":[[5.953,16.783],[8.766,12.067],[0.553,-4.05],[-9.775,-18.677],[-3.027,-15.333]],"o":[[-10.852,-30.597],[-8.808,-12.124],[-0.55,4.021],[9.007,17.21],[3.027,15.333]],"v":[[137.746,-49.316],[107.516,-109.054],[86.858,-114.369],[102.402,-87.584],[121.135,-42.028]]}],"t":14},{"s":[{"c":false,"i":[[0,0],[5.451,6.796],[3.975,-0.952],[-8.766,-17.334],[0,0]],"o":[[0,0],[-5.451,-6.796],[-3.972,0.952],[8.766,17.335],[0,0]],"v":[[137.746,-49.316],[98.662,-110.676],[87.022,-117.242],[91.948,-90.978],[121.135,-42.028]]}],"t":33}],"ix":2}},{"ty":"st","bm":0,"hd":false,"mn":"ADBE Vector Graphic - Stroke","nm":"Stroke 1","lc":1,"lj":1,"ml":10,"o":{"a":0,"k":100,"ix":4},"w":{"a":0,"k":4.5,"ix":5},"c":{"a":0,"k":[0.1098,0.1137,0.1216],"ix":3}},{"ty":"tr","a":{"a":0,"k":[0,0],"ix":1},"s":{"a":0,"k":[100,100],"ix":3},"sk":{"a":0,"k":0,"ix":4},"p":{"a":0,"k":[0,0],"ix":2},"r":{"a":0,"k":0,"ix":6},"sa":{"a":0,"k":0,"ix":5},"o":{"a":0,"k":100,"ix":7}}]},{"ty":"tr","a":{"a":0,"k":[111.131,-79.804],"ix":1},"s":{"a":0,"k":[100,100],"ix":3},"sk":{"a":0,"k":0,"ix":4},"p":{"a":0,"k":[401.131,55.196],"ix":2},"r":{"a":0,"k":0,"ix":6},"sa":{"a":0,"k":0,"ix":5},"o":{"a":0,"k":100,"ix":7}}]},{"ty":"gr","bm":0,"hd":false,"mn":"ADBE Vector Group","nm":"Group 4","ix":3,"cix":2,"np":1,"it":[{"ty":"gr","bm":0,"hd":false,"mn":"ADBE Vector Group","nm":"Group 4","ix":1,"cix":2,"np":2,"it":[{"ty":"sh","bm":0,"hd":false,"mn":"ADBE Vector Shape - Group","nm":"Path 1","ix":1,"d":1,"ks":{"a":1,"k":[{"o":{"x":0.167,"y":0},"i":{"x":0.667,"y":1},"s":[{"c":false,"i":[[0,0],[5.205,8.437],[2.364,-1.116],[-5.631,-15.217],[0,0]],"o":[[0,0],[-5.202,-8.437],[-2.361,1.116],[2.61,7.141],[0,0]],"v":[[153.112,-54.634],[121.381,-110.676],[109.003,-118.49],[110.236,-98.972],[115.603,-84.789]]}],"t":0},{"o":{"x":0.167,"y":0},"i":{"x":0.667,"y":1},"s":[{"c":false,"i":[[7.246,23.142],[4.884,8.627],[1.483,-4.652],[-4.785,-11.848],[-1.49,-6.612]],"o":[[-7.246,-23.142],[-8.754,-15.462],[-1.195,3.749],[1.251,3.096],[3.017,13.385]],"v":[[153.112,-54.634],[130.24,-107.654],[109.746,-117.979],[117.869,-99.492],[121.25,-86.337]]}],"t":14},{"s":[{"c":false,"i":[[0,0],[5.205,8.437],[2.364,-1.116],[-5.631,-15.217],[0,0]],"o":[[0,0],[-5.202,-8.437],[-2.361,1.116],[2.61,7.141],[0,0]],"v":[[153.112,-54.634],[121.381,-110.676],[109.003,-118.49],[110.236,-98.972],[115.603,-84.789]]}],"t":33}],"ix":2}},{"ty":"st","bm":0,"hd":false,"mn":"ADBE Vector Graphic - Stroke","nm":"Stroke 1","lc":1,"lj":1,"ml":10,"o":{"a":0,"k":100,"ix":4},"w":{"a":0,"k":4.5,"ix":5},"c":{"a":0,"k":[0.1098,0.1137,0.1216],"ix":3}},{"ty":"tr","a":{"a":0,"k":[0,0],"ix":1},"s":{"a":0,"k":[100,100],"ix":3},"sk":{"a":0,"k":0,"ix":4},"p":{"a":0,"k":[0,0],"ix":2},"r":{"a":0,"k":0,"ix":6},"sa":{"a":0,"k":0,"ix":5},"o":{"a":0,"k":100,"ix":7}}]},{"ty":"tr","a":{"a":0,"k":[129.864,-86.781],"ix":1},"s":{"a":0,"k":[100,100],"ix":3},"sk":{"a":0,"k":0,"ix":4},"p":{"a":0,"k":[419.864,48.219],"ix":2},"r":{"a":0,"k":0,"ix":6},"sa":{"a":0,"k":0,"ix":5},"o":{"a":0,"k":100,"ix":7}}]},{"ty":"gr","bm":0,"hd":false,"mn":"ADBE Vector Group","nm":"Group 9","ix":4,"cix":2,"np":1,"it":[{"ty":"gr","bm":0,"hd":false,"mn":"ADBE Vector Group","nm":"Group 9","ix":1,"cix":2,"np":2,"it":[{"ty":"sh","bm":0,"hd":false,"mn":"ADBE Vector Shape - Group","nm":"Path 1","ix":1,"d":1,"ks":{"a":1,"k":[{"o":{"x":0.333,"y":0},"i":{"x":0.833,"y":0.833},"s":[{"c":false,"i":[[0,0],[-7.452,-12.459]],"o":[[7.026,0],[0,0]],"v":[[64.456,-31.684],[91.621,-18.061]]}],"t":0},{"o":{"x":0.167,"y":0.167},"i":{"x":0.667,"y":1},"s":[{"c":false,"i":[[0,0],[-4.822,-13.93]],"o":[[7.026,0],[0,0]],"v":[[64.393,-31.631],[89.157,-15.777]]}],"t":18},{"s":[{"c":false,"i":[[0,0],[-7.452,-12.459]],"o":[[7.026,0],[0,0]],"v":[[64.581,-31.748],[91.621,-18.061]]}],"t":37}],"ix":2}},{"ty":"st","bm":0,"hd":false,"mn":"ADBE Vector Graphic - Stroke","nm":"Stroke 1","lc":1,"lj":1,"ml":10,"o":{"a":0,"k":100,"ix":4},"w":{"a":0,"k":4.5,"ix":5},"c":{"a":0,"k":[0.1098,0.1137,0.1216],"ix":3}},{"ty":"tr","a":{"a":0,"k":[0,0],"ix":1},"s":{"a":0,"k":[100,100],"ix":3},"sk":{"a":0,"k":0,"ix":4},"p":{"a":0,"k":[0,0],"ix":2},"r":{"a":0,"k":0,"ix":6},"sa":{"a":0,"k":0,"ix":5},"o":{"a":0,"k":100,"ix":7}}]},{"ty":"tr","a":{"a":0,"k":[78.226,-24.874],"ix":1},"s":{"a":0,"k":[100,100],"ix":3},"sk":{"a":0,"k":0,"ix":4},"p":{"a":0,"k":[368.226,110.126],"ix":2},"r":{"a":0,"k":0,"ix":6},"sa":{"a":0,"k":0,"ix":5},"o":{"a":0,"k":100,"ix":7}}]},{"ty":"gr","bm":0,"hd":false,"mn":"ADBE Vector Group","nm":"Group 2","ix":5,"cix":2,"np":2,"it":[{"ty":"gr","bm":0,"hd":false,"mn":"ADBE Vector Group","nm":"Group 2","ix":1,"cix":2,"np":2,"it":[{"ty":"sh","bm":0,"hd":false,"mn":"ADBE Vector Shape - Group","nm":"Path 1","ix":1,"d":1,"ks":{"a":1,"k":[{"o":{"x":0.333,"y":0},"i":{"x":0.667,"y":1},"s":[{"c":false,"i":[[0,0],[15.315,-0.394],[2.856,-3.94],[-10.605,1.543],[-10.785,-14.166],[6.96,-5.795],[5.304,1.297],[1.365,-4.924],[-23.589,-9.849],[-11.949,-1.33],[0,0],[-3.405,13.047],[5.547,12.29],[0,0],[2.214,10.178],[8.421,0.148],[0,0]],"o":[[-4.545,-5.368],[-15.315,0.394],[-2.856,3.94],[10.602,-1.543],[10.785,14.166],[-6.96,5.794],[-5.301,-1.297],[-1.362,4.924],[17.499,7.338],[0,0],[10.845,-8.012],[3.405,-13.047],[0,0],[0,0],[-2.217,-10.177],[-8.421,-0.148],[0,0]],"v":[[113.29,-54.634],[80.461,-71.247],[41.326,-58.377],[52.03,-49.447],[87.436,-43.193],[85.975,-9.772],[48.22,-12.136],[34.447,-10.494],[64.144,14.129],[137.683,30.741],[275.162,68.668],[297.185,36.123],[293.876,-3.033],[170.185,-33.754],[156.775,-86.71],[145.858,-110.594],[143.134,-72.363]]}],"t":0},{"o":{"x":0.333,"y":0},"i":{"x":0.667,"y":1},"s":[{"c":false,"i":[[0,0],[15.315,-0.394],[2.856,-3.94],[-10.605,1.543],[-10.785,-14.166],[6.96,-5.795],[5.304,1.297],[1.365,-4.924],[-23.589,-9.849],[-11.949,-1.33],[0,0],[-3.405,13.047],[5.547,12.29],[0,0],[2.214,10.178],[8.421,0.148],[2.099,-15.048]],"o":[[-4.545,-5.368],[-15.315,0.394],[-2.856,3.94],[10.602,-1.543],[10.785,14.166],[-6.96,5.794],[-5.301,-1.297],[-1.362,4.925],[17.499,7.338],[0,0],[10.845,-8.012],[3.405,-13.047],[0,0],[0,0],[-2.217,-10.177],[-8.421,-0.148],[-2.009,14.402]],"v":[[118.623,-51.561],[80.461,-71.247],[41.326,-58.377],[52.03,-49.447],[87.436,-43.193],[85.975,-9.772],[48.22,-12.136],[34.447,-10.494],[64.144,14.129],[137.683,30.741],[275.162,68.668],[297.185,36.123],[293.876,-3.033],[170.185,-33.754],[160.029,-87.001],[142.358,-110.642],[144.228,-78.098]]}],"t":14},{"s":[{"c":false,"i":[[0,0],[15.315,-0.394],[2.856,-3.94],[-10.605,1.543],[-10.785,-14.166],[6.96,-5.795],[5.304,1.297],[1.365,-4.924],[-23.589,-9.849],[-11.949,-1.33],[0,0],[-3.405,13.047],[5.547,12.29],[0,0],[2.214,10.178],[8.421,0.148],[0,0]],"o":[[-4.545,-5.368],[-15.315,0.394],[-2.856,3.94],[10.602,-1.543],[10.785,14.166],[-6.96,5.794],[-5.301,-1.297],[-1.362,4.924],[17.499,7.338],[0,0],[10.845,-8.012],[3.405,-13.047],[0,0],[0,0],[-2.217,-10.177],[-8.421,-0.148],[0,0]],"v":[[113.29,-54.634],[80.461,-71.247],[41.326,-58.377],[52.03,-49.447],[87.436,-43.193],[85.975,-9.772],[48.22,-12.136],[34.447,-10.494],[64.144,14.129],[137.683,30.741],[275.162,68.668],[297.185,36.123],[293.876,-3.033],[170.185,-33.754],[156.775,-86.71],[145.858,-110.594],[143.134,-72.363]]}],"t":33}],"ix":2}},{"ty":"st","bm":0,"hd":false,"mn":"ADBE Vector Graphic - Stroke","nm":"Stroke 1","lc":1,"lj":1,"ml":4,"o":{"a":0,"k":100,"ix":4},"w":{"a":0,"k":4.5,"ix":5},"c":{"a":0,"k":[0.1098,0.1137,0.1216],"ix":3}},{"ty":"tr","a":{"a":0,"k":[0,0],"ix":1},"s":{"a":0,"k":[100,100],"ix":3},"sk":{"a":0,"k":0,"ix":4},"p":{"a":0,"k":[0,0],"ix":2},"r":{"a":0,"k":0,"ix":6},"sa":{"a":0,"k":0,"ix":5},"o":{"a":0,"k":100,"ix":7}}]},{"ty":"fl","bm":0,"hd":false,"mn":"ADBE Vector Graphic - Fill","nm":"Fill 1","c":{"a":0,"k":[1,1,1],"ix":4},"r":1,"o":{"a":0,"k":100,"ix":5}},{"ty":"tr","a":{"a":0,"k":[147.07,-27.213],"ix":1},"s":{"a":0,"k":[100,100],"ix":3},"sk":{"a":0,"k":0,"ix":4},"p":{"a":0,"k":[437.07,107.787],"ix":2},"r":{"a":0,"k":0,"ix":6},"sa":{"a":0,"k":0,"ix":5},"o":{"a":0,"k":100,"ix":7}}]},{"ty":"gr","bm":0,"hd":false,"mn":"ADBE Vector Group","nm":"wire","ix":6,"cix":2,"np":1,"it":[{"ty":"gr","bm":0,"hd":false,"mn":"ADBE Vector Group","nm":"Group 10","ix":1,"cix":2,"np":2,"it":[{"ty":"sh","bm":0,"hd":false,"mn":"ADBE Vector Shape - Group","nm":"Path 1","ix":1,"d":1,"ks":{"a":1,"k":[{"o":{"x":0.167,"y":0},"i":{"x":0.833,"y":0.833},"s":[{"c":false,"i":[[0,0],[-34.374,0.033],[-23.211,7.682],[-2.881,-17.29]],"o":[[12.606,38.018],[39.201,0],[10.146,-3.283],[0,0]],"v":[[101.305,23.699],[129.883,122.42],[194.395,56.086],[223.381,74.79]]}],"t":0},{"o":{"x":0.167,"y":0.167},"i":{"x":0.667,"y":1},"s":[{"c":false,"i":[[0,0],[-38.005,-4.934],[-30.35,7.094],[-8.233,-17.126]],"o":[[20.526,37.005],[38.875,5.047],[10.795,-1.22],[0,0]],"v":[[98.806,23.635],[117.89,121.923],[188.397,55.944],[216.847,73.394]]}],"t":18},{"s":[{"c":false,"i":[[0,0],[-34.374,0.033],[-23.211,7.682],[-4.131,-12.79]],"o":[[12.606,38.018],[39.201,0],[10.146,-3.283],[0,0]],"v":[[101.305,23.699],[129.883,122.42],[194.395,56.086],[221.131,71.79]]}],"t":37}],"ix":2}},{"ty":"st","bm":0,"hd":false,"mn":"ADBE Vector Graphic - Stroke","nm":"Stroke 1","lc":1,"lj":1,"ml":10,"o":{"a":0,"k":100,"ix":4},"w":{"a":0,"k":4.5,"ix":5},"c":{"a":0,"k":[0.1098,0.1137,0.1216],"ix":3}},{"ty":"tr","a":{"a":0,"k":[0,0],"ix":1},"s":{"a":0,"k":[100,100],"ix":3},"sk":{"a":0,"k":0,"ix":4},"p":{"a":0,"k":[0,0],"ix":2},"r":{"a":0,"k":0,"ix":6},"sa":{"a":0,"k":0,"ix":5},"o":{"a":0,"k":100,"ix":7}}]},{"ty":"tr","a":{"a":0,"k":[159.957,73.06],"ix":1},"s":{"a":0,"k":[100,100],"ix":3},"sk":{"a":0,"k":0,"ix":4},"p":{"a":0,"k":[449.957,208.06],"ix":2},"r":{"a":0,"k":0,"ix":6},"sa":{"a":0,"k":0,"ix":5},"o":{"a":0,"k":100,"ix":7}}]},{"ty":"gr","bm":0,"hd":false,"mn":"ADBE Vector Group","nm":"Group 113","ix":7,"cix":2,"np":1,"it":[{"ty":"gr","bm":0,"hd":false,"mn":"ADBE Vector Group","nm":"Group 13","ix":1,"cix":2,"np":2,"it":[{"ty":"sh","bm":0,"hd":false,"mn":"ADBE Vector Shape - Group","nm":"Path 1","ix":1,"d":1,"ks":{"a":1,"k":[{"o":{"x":0.333,"y":0},"i":{"x":0.667,"y":1},"s":[{"c":true,"i":[[0,0],[0,0],[-3.495,-3.51],[0,-4.953],[3.492,-3.491],[4.935,-0.026],[0,0]],"o":[[0,0],[4.953,0.022],[3.495,3.51],[-0.024,4.938],[-3.492,3.492],[0,0],[0,0]],"v":[[32.938,-50.416],[46.186,-50.416],[59.374,-44.901],[64.831,-31.686],[59.341,-18.529],[46.186,-13.038],[32.971,-13.038]]}],"t":0},{"s":[{"c":true,"i":[[0,0],[0,0],[-3.495,-3.51],[0,-4.953],[3.492,-3.491],[4.935,-0.026],[0,0]],"o":[[0,0],[4.953,0.022],[3.495,3.51],[-0.024,4.938],[-3.492,3.492],[0,0],[0,0]],"v":[[32.938,-50.416],[46.186,-50.416],[59.374,-44.901],[64.831,-31.686],[59.341,-18.529],[46.186,-13.038],[32.971,-13.038]]}],"t":33}],"ix":2}},{"ty":"fl","bm":0,"hd":false,"mn":"ADBE Vector Graphic - Fill","nm":"Fill 1","c":{"a":0,"k":[0.1098,0.1137,0.1216],"ix":4},"r":1,"o":{"a":0,"k":100,"ix":5}},{"ty":"tr","a":{"a":0,"k":[0,0],"ix":1},"s":{"a":0,"k":[100,100],"ix":3},"sk":{"a":0,"k":0,"ix":4},"p":{"a":0,"k":[0,0],"ix":2},"r":{"a":0,"k":0,"ix":6},"sa":{"a":0,"k":0,"ix":5},"o":{"a":0,"k":100,"ix":7}}]},{"ty":"tr","a":{"a":0,"k":[48.885,-31.727],"ix":1},"s":{"a":0,"k":[100,100],"ix":3},"sk":{"a":0,"k":0,"ix":4},"p":{"a":0,"k":[338.885,103.273],"ix":2},"r":{"a":0,"k":0,"ix":6},"sa":{"a":0,"k":0,"ix":5},"o":{"a":0,"k":100,"ix":7}}]}],"ind":9,"parent":5},{"ty":4,"nm":"Group 20","sr":1,"st":0,"op":600,"ip":0,"hd":false,"ddd":0,"bm":0,"hasMask":false,"ao":0,"ks":{"a":{"a":0,"k":[191.859,50.727,0],"ix":1},"s":{"a":0,"k":[100,100,100],"ix":6},"sk":{"a":0,"k":0},"p":{"a":0,"k":[95.466,98.981,0],"ix":2},"r":{"a":0,"k":0,"ix":10},"sa":{"a":0,"k":0},"o":{"a":0,"k":100,"ix":11}},"ef":[],"shapes":[{"ty":"gr","bm":0,"hd":false,"mn":"ADBE Vector Group","nm":"Group 20","ix":1,"cix":2,"np":3,"it":[{"ty":"sh","bm":0,"hd":false,"mn":"ADBE Vector Shape - Group","nm":"Path 1","ix":1,"d":1,"ks":{"a":0,"k":{"c":true,"i":[[0,0],[-9.426,-5.966],[-11.157,0.001],[-10.095,7.541],[0,0]],"o":[[4.776,10.083],[9.429,5.966],[12.6,0.085],[0,0],[0,0]],"v":[[147.742,33.876],[169.483,58.445],[200.995,67.577],[235.975,56.086],[235.975,56.086]]},"ix":2}},{"ty":"st","bm":0,"hd":false,"mn":"ADBE Vector Graphic - Stroke","nm":"Stroke 1","lc":1,"lj":1,"ml":10,"o":{"a":0,"k":100,"ix":4},"w":{"a":0,"k":4.5,"ix":5},"c":{"a":0,"k":[0.3059,0.4196,0.9608],"ix":3}},{"ty":"fl","bm":0,"hd":false,"mn":"ADBE Vector Graphic - Fill","nm":"Fill 1","c":{"a":0,"k":[0.3059,0.4196,0.9608],"ix":4},"r":1,"o":{"a":0,"k":100,"ix":5}},{"ty":"tr","a":{"a":0,"k":[0,0],"ix":1},"s":{"a":0,"k":[100,100],"ix":3},"sk":{"a":0,"k":0,"ix":4},"p":{"a":0,"k":[0,0],"ix":2},"r":{"a":0,"k":0,"ix":6},"sa":{"a":0,"k":0,"ix":5},"o":{"a":0,"k":100,"ix":7}}]}],"ind":10,"parent":5},{"ty":4,"nm":"Group 21","sr":1,"st":0,"op":600,"ip":0,"hd":false,"ddd":0,"bm":0,"hasMask":false,"ao":0,"ks":{"a":{"a":0,"k":[211.518,-33.002,0],"ix":1},"s":{"a":0,"k":[100,100,100],"ix":6},"sk":{"a":0,"k":0},"p":{"a":0,"k":[115.125,15.252,0],"ix":2},"r":{"a":0,"k":0,"ix":10},"sa":{"a":0,"k":0},"o":{"a":0,"k":100,"ix":11}},"ef":[],"shapes":[{"ty":"gr","bm":0,"hd":false,"mn":"ADBE Vector Group","nm":"Group 21","ix":1,"cix":2,"np":3,"it":[{"ty":"sh","bm":0,"hd":false,"mn":"ADBE Vector Shape - Group","nm":"Path 1","ix":1,"d":1,"ks":{"a":0,"k":{"c":true,"i":[[0,0],[0,0],[6.453,5.549],[8.184,2.34],[8.412,-1.298],[7.098,-4.698]],"o":[[0,0],[-3.543,-7.739],[-6.453,-5.549],[-8.181,-2.34],[-8.409,1.298],[0,0]],"v":[[170.185,-33.754],[254.575,-15.796],[239.404,-35.965],[217.186,-47.938],[191.998,-49.519],[168.46,-40.419]]},"ix":2}},{"ty":"st","bm":0,"hd":false,"mn":"ADBE Vector Graphic - Stroke","nm":"Stroke 1","lc":1,"lj":1,"ml":10,"o":{"a":0,"k":100,"ix":4},"w":{"a":0,"k":4.5,"ix":5},"c":{"a":0,"k":[0.3059,0.4196,0.9608],"ix":3}},{"ty":"fl","bm":0,"hd":false,"mn":"ADBE Vector Graphic - Fill","nm":"Fill 1","c":{"a":0,"k":[0.3059,0.4196,0.9608],"ix":4},"r":1,"o":{"a":0,"k":100,"ix":5}},{"ty":"tr","a":{"a":0,"k":[0,0],"ix":1},"s":{"a":0,"k":[100,100],"ix":3},"sk":{"a":0,"k":0,"ix":4},"p":{"a":0,"k":[0,0],"ix":2},"r":{"a":0,"k":0,"ix":6},"sa":{"a":0,"k":0,"ix":5},"o":{"a":0,"k":100,"ix":7}}]}],"ind":11,"parent":5},{"ty":4,"nm":"MASK left habd 2","sr":1,"st":0,"op":600,"ip":0,"hd":false,"ddd":0,"bm":0,"hasMask":false,"td":1,"ao":0,"ks":{"a":{"a":0,"k":[443.887,134.954,0],"ix":1},"s":{"a":0,"k":[-100,100,100],"ix":6},"sk":{"a":0,"k":0},"p":{"a":0,"k":[128.762,148.204,0],"ix":2},"r":{"a":0,"k":0,"ix":10},"sa":{"a":0,"k":0},"o":{"a":0,"k":100,"ix":11}},"ef":[],"shapes":[{"ty":"gr","bm":0,"hd":false,"mn":"ADBE Vector Group","nm":"Shape 1","ix":1,"cix":2,"np":3,"it":[{"ty":"sh","bm":0,"hd":false,"mn":"ADBE Vector Shape - Group","nm":"Path 1","ix":1,"d":1,"ks":{"a":0,"k":{"c":true,"i":[[0,0],[0,0],[0,0],[0,0],[0,0],[0,31.4],[31.2,1.1],[0,0]],"o":[[0,0],[0,0],[0,0],[0,0],[31.2,-1.1],[0,-31.5],[0,0],[0,0]],"v":[[306.087,-23.896],[306.087,293.803],[525.587,293.803],[503.587,203.5],[525.587,205.171],[581.687,143.804],[525.587,81.519],[525.587,-23.896]]},"ix":2}},{"ty":"st","bm":0,"hd":false,"mn":"ADBE Vector Graphic - Stroke","nm":"Stroke 1","lc":1,"lj":1,"ml":4,"o":{"a":0,"k":100,"ix":4},"w":{"a":0,"k":4.5,"ix":5},"c":{"a":0,"k":[0.3059,0.4196,0.9608],"ix":3}},{"ty":"fl","bm":0,"hd":false,"mn":"ADBE Vector Graphic - Fill","nm":"Fill 1","c":{"a":0,"k":[1,1,1],"ix":4},"r":1,"o":{"a":0,"k":100,"ix":5}},{"ty":"tr","a":{"a":0,"k":[0,0],"ix":1},"s":{"a":0,"k":[100,100],"ix":3},"sk":{"a":0,"k":0,"ix":4},"p":{"a":0,"k":[-42,-13.5],"ix":2},"r":{"a":0,"k":0,"ix":6},"sa":{"a":0,"k":0,"ix":5},"o":{"a":0,"k":100,"ix":7}}]}],"ind":12},{"ty":4,"nm":"left hand 3","sr":1,"st":0,"op":179,"ip":70,"hd":false,"ddd":0,"bm":0,"tt":1,"hasMask":false,"ao":0,"ks":{"a":{"a":0,"k":[555.393,158.246,0],"ix":1},"s":{"a":0,"k":[-100,100,100],"ix":6},"sk":{"a":0,"k":0},"p":{"a":1,"k":[{"o":{"x":0.6,"y":0},"i":{"x":0.4,"y":1},"s":[24.447,158.746,0],"t":70,"ti":[0,0,0],"to":[0,0,0]},{"s":[54.643,158.246,0],"t":97}],"ix":2},"r":{"a":1,"k":[{"o":{"x":0.333,"y":0},"i":{"x":0.667,"y":1},"s":[-0.067],"t":70},{"o":{"x":0.333,"y":0},"i":{"x":0.667,"y":1},"s":[1],"t":92},{"s":[-0.067],"t":111}],"ix":10},"sa":{"a":0,"k":0},"o":{"a":0,"k":100,"ix":11}},"ef":[],"shapes":[{"ty":"gr","bm":0,"hd":false,"mn":"ADBE Vector Group","nm":"Shape 2","ix":1,"cix":2,"np":3,"it":[{"ty":"sh","bm":0,"hd":false,"mn":"ADBE Vector Shape - Group","nm":"Path 1","ix":1,"d":1,"ks":{"a":0,"k":{"c":false,"i":[[0,0],[0,0]],"o":[[0,0],[0,0]],"v":[[322.848,96.063],[309.785,96]]},"ix":2}},{"ty":"st","bm":0,"hd":false,"mn":"ADBE Vector Graphic - Stroke","nm":"Stroke 1","lc":1,"lj":1,"ml":4,"o":{"a":0,"k":100,"ix":4},"w":{"a":0,"k":4.5,"ix":5},"c":{"a":0,"k":[0.1098,0.1137,0.1216],"ix":3}},{"ty":"fl","bm":0,"hd":false,"mn":"ADBE Vector Graphic - Fill","nm":"Fill 1","c":{"a":0,"k":[0.3059,0.4196,0.9608],"ix":4},"r":1,"o":{"a":0,"k":100,"ix":5}},{"ty":"tr","a":{"a":0,"k":[0,0],"ix":1},"s":{"a":0,"k":[100,115.584],"ix":3},"sk":{"a":0,"k":0,"ix":4},"p":{"a":0,"k":[0,0],"ix":2},"r":{"a":0,"k":0,"ix":6},"sa":{"a":0,"k":0,"ix":5},"o":{"a":0,"k":100,"ix":7}}]},{"ty":"gr","bm":0,"hd":false,"mn":"ADBE Vector Group","nm":"Shape 1","ix":2,"cix":2,"np":3,"it":[{"ty":"sh","bm":0,"hd":false,"mn":"ADBE Vector Shape - Group","nm":"Path 1","ix":1,"d":1,"ks":{"a":0,"k":{"c":false,"i":[[0,0],[0,0]],"o":[[0,0],[0,0]],"v":[[322.848,96.063],[309.785,96]]},"ix":2}},{"ty":"st","bm":0,"hd":false,"mn":"ADBE Vector Graphic - Stroke","nm":"Stroke 1","lc":1,"lj":1,"ml":4,"o":{"a":0,"k":100,"ix":4},"w":{"a":0,"k":4.5,"ix":5},"c":{"a":0,"k":[0.1098,0.1137,0.1216],"ix":3}},{"ty":"fl","bm":0,"hd":false,"mn":"ADBE Vector Graphic - Fill","nm":"Fill 1","c":{"a":0,"k":[0.3059,0.4196,0.9608],"ix":4},"r":1,"o":{"a":0,"k":100,"ix":5}},{"ty":"tr","a":{"a":0,"k":[0,0],"ix":1},"s":{"a":0,"k":[100,100],"ix":3},"sk":{"a":0,"k":0,"ix":4},"p":{"a":0,"k":[0,0],"ix":2},"r":{"a":0,"k":0,"ix":6},"sa":{"a":0,"k":0,"ix":5},"o":{"a":0,"k":100,"ix":7}}]},{"ty":"gr","bm":0,"hd":false,"mn":"ADBE Vector Group","nm":"finger","ix":3,"cix":2,"np":1,"it":[{"ty":"gr","bm":0,"hd":false,"mn":"ADBE Vector Group","nm":"Group 3","ix":1,"cix":2,"np":2,"it":[{"ty":"sh","bm":0,"hd":false,"mn":"ADBE Vector Shape - Group","nm":"Path 1","ix":1,"d":1,"ks":{"a":1,"k":[{"o":{"x":0.333,"y":0},"i":{"x":0.667,"y":1},"s":[{"c":false,"i":[[0,0],[5.451,6.796],[3.975,-0.952],[-8.766,-17.334],[0,0]],"o":[[0,0],[-5.451,-6.796],[-3.972,0.952],[8.766,17.335],[0,0]],"v":[[137.746,-49.316],[98.662,-110.676],[87.022,-117.242],[91.948,-90.978],[121.135,-42.028]]}],"t":70},{"o":{"x":0.333,"y":0},"i":{"x":0.667,"y":1},"s":[{"c":false,"i":[[0,0],[12.486,27.749],[5.916,3.033],[-6.331,-20.479],[0,0]],"o":[[0,0],[-6.933,-15.408],[-7.617,-3.905],[7.091,22.938],[0,0]],"v":[[137.746,-49.316],[110.855,-91.927],[95.836,-119.228],[90.78,-91.638],[121.135,-42.028]]}],"t":88},{"s":[{"c":false,"i":[[0,0],[5.451,6.796],[3.975,-0.952],[-8.766,-17.334],[0,0]],"o":[[0,0],[-5.451,-6.796],[-3.972,0.952],[8.766,17.335],[0,0]],"v":[[137.746,-49.316],[98.662,-110.676],[87.022,-117.242],[91.948,-90.978],[121.135,-42.028]]}],"t":107}],"ix":2}},{"ty":"st","bm":0,"hd":false,"mn":"ADBE Vector Graphic - Stroke","nm":"Stroke 1","lc":1,"lj":1,"ml":10,"o":{"a":0,"k":100,"ix":4},"w":{"a":0,"k":4.5,"ix":5},"c":{"a":0,"k":[0.1098,0.1137,0.1216],"ix":3}},{"ty":"tr","a":{"a":0,"k":[0,0],"ix":1},"s":{"a":0,"k":[100,100],"ix":3},"sk":{"a":0,"k":0,"ix":4},"p":{"a":0,"k":[0,0],"ix":2},"r":{"a":0,"k":0,"ix":6},"sa":{"a":0,"k":0,"ix":5},"o":{"a":0,"k":100,"ix":7}}]},{"ty":"tr","a":{"a":0,"k":[111.131,-79.804],"ix":1},"s":{"a":0,"k":[100,100],"ix":3},"sk":{"a":0,"k":0,"ix":4},"p":{"a":0,"k":[401.131,55.196],"ix":2},"r":{"a":0,"k":0,"ix":6},"sa":{"a":0,"k":0,"ix":5},"o":{"a":0,"k":100,"ix":7}}]},{"ty":"gr","bm":0,"hd":false,"mn":"ADBE Vector Group","nm":"Group 4","ix":4,"cix":2,"np":1,"it":[{"ty":"gr","bm":0,"hd":false,"mn":"ADBE Vector Group","nm":"Group 4","ix":1,"cix":2,"np":2,"it":[{"ty":"sh","bm":0,"hd":false,"mn":"ADBE Vector Shape - Group","nm":"Path 1","ix":1,"d":1,"ks":{"a":1,"k":[{"o":{"x":0.333,"y":0},"i":{"x":0.667,"y":1},"s":[{"c":false,"i":[[0,0],[5.205,8.437],[2.364,-1.116],[-5.631,-15.217],[0,0]],"o":[[0,0],[-5.202,-8.437],[-2.361,1.116],[2.61,7.141],[0,0]],"v":[[153.112,-54.634],[121.381,-110.676],[109.003,-118.49],[110.236,-98.972],[115.603,-84.789]]}],"t":70},{"o":{"x":0.333,"y":0},"i":{"x":0.667,"y":1},"s":[{"c":false,"i":[[0,0],[7.135,28.237],[5.574,1.497],[-1.637,-15.704],[0,0]],"o":[[0,0],[-3.045,-12.051],[-3.884,-1.043],[1.726,16.562],[0,0]],"v":[[153.112,-54.634],[133.697,-96.017],[122.321,-120.558],[115.806,-99.147],[126.729,-63.821]]}],"t":88},{"s":[{"c":false,"i":[[0,0],[5.205,8.437],[2.364,-1.116],[-5.631,-15.217],[0,0]],"o":[[0,0],[-5.202,-8.437],[-2.361,1.116],[2.61,7.141],[0,0]],"v":[[153.112,-54.634],[121.381,-110.676],[109.003,-118.49],[110.236,-98.972],[115.603,-84.789]]}],"t":107}],"ix":2}},{"ty":"st","bm":0,"hd":false,"mn":"ADBE Vector Graphic - Stroke","nm":"Stroke 1","lc":1,"lj":1,"ml":10,"o":{"a":0,"k":100,"ix":4},"w":{"a":0,"k":4.5,"ix":5},"c":{"a":0,"k":[0.1098,0.1137,0.1216],"ix":3}},{"ty":"tr","a":{"a":0,"k":[0,0],"ix":1},"s":{"a":0,"k":[100,100],"ix":3},"sk":{"a":0,"k":0,"ix":4},"p":{"a":0,"k":[0,0],"ix":2},"r":{"a":0,"k":0,"ix":6},"sa":{"a":0,"k":0,"ix":5},"o":{"a":0,"k":100,"ix":7}}]},{"ty":"tr","a":{"a":0,"k":[129.864,-86.781],"ix":1},"s":{"a":0,"k":[100,100],"ix":3},"sk":{"a":0,"k":0,"ix":4},"p":{"a":0,"k":[419.864,48.219],"ix":2},"r":{"a":0,"k":0,"ix":6},"sa":{"a":0,"k":0,"ix":5},"o":{"a":0,"k":100,"ix":7}}]},{"ty":"gr","bm":0,"hd":false,"mn":"ADBE Vector Group","nm":"Group 2","ix":5,"cix":2,"np":2,"it":[{"ty":"gr","bm":0,"hd":false,"mn":"ADBE Vector Group","nm":"Group 2","ix":1,"cix":2,"np":2,"it":[{"ty":"sh","bm":0,"hd":false,"mn":"ADBE Vector Shape - Group","nm":"Path 1","ix":1,"d":1,"ks":{"a":1,"k":[{"o":{"x":0.333,"y":0},"i":{"x":0.667,"y":1},"s":[{"c":false,"i":[[0,0],[15.315,-0.394],[2.856,-3.94],[-10.605,1.543],[-10.785,-14.166],[6.96,-5.795],[5.304,1.297],[1.365,-4.924],[-23.589,-9.849],[-11.949,-1.33],[0,0],[-3.405,13.047],[5.547,12.29],[0,0],[2.214,10.178],[8.421,0.148],[0,0]],"o":[[-4.545,-5.368],[-15.315,0.394],[-2.856,3.94],[10.602,-1.543],[10.785,14.166],[-6.96,5.794],[-5.301,-1.297],[-1.362,4.924],[17.499,7.338],[0,0],[10.845,-8.012],[3.405,-13.047],[0,0],[0,0],[-2.217,-10.177],[-8.421,-0.148],[0,0]],"v":[[113.29,-54.634],[80.461,-71.247],[41.326,-58.377],[52.03,-49.447],[87.436,-43.193],[85.975,-9.772],[48.22,-12.136],[34.447,-10.494],[64.144,14.129],[137.683,30.741],[275.162,68.668],[297.185,36.123],[293.876,-3.033],[170.185,-33.754],[156.775,-86.71],[145.858,-110.594],[143.134,-72.363]]}],"t":70},{"o":{"x":0.333,"y":0},"i":{"x":0.667,"y":1},"s":[{"c":false,"i":[[0,0],[15.315,-0.394],[2.856,-3.94],[-10.605,1.543],[-10.785,-14.166],[6.96,-5.795],[5.304,1.297],[1.365,-4.924],[-23.589,-9.849],[-11.949,-1.33],[0,0],[-3.405,13.047],[5.547,12.29],[0,0],[-0.996,33.385],[8.237,1.754],[0,0]],"o":[[-4.545,-5.368],[-15.315,0.394],[-2.856,3.94],[10.602,-1.543],[10.785,14.166],[-6.96,5.795],[-5.301,-1.297],[-1.362,4.925],[17.499,7.338],[0,0],[10.845,-8.012],[3.405,-13.047],[0,0],[0,0],[0.458,-15.345],[-6.824,-1.453],[0,0]],"v":[[111.908,-54.426],[80.461,-71.247],[41.326,-58.377],[52.03,-49.447],[87.436,-43.193],[85.975,-9.772],[48.22,-12.136],[34.447,-10.494],[64.144,14.129],[137.683,30.741],[275.162,68.668],[297.185,36.123],[293.876,-3.033],[170.185,-33.754],[158.979,-85.143],[152.853,-110.315],[142.85,-71.246]]}],"t":88},{"s":[{"c":false,"i":[[0,0],[15.315,-0.394],[2.856,-3.94],[-10.605,1.543],[-10.785,-14.166],[6.96,-5.795],[5.304,1.297],[1.365,-4.924],[-23.589,-9.849],[-11.949,-1.33],[0,0],[-3.405,13.047],[5.547,12.29],[0,0],[2.214,10.178],[8.421,0.148],[0,0]],"o":[[-4.545,-5.368],[-15.315,0.394],[-2.856,3.94],[10.602,-1.543],[10.785,14.166],[-6.96,5.794],[-5.301,-1.297],[-1.362,4.924],[17.499,7.338],[0,0],[10.845,-8.012],[3.405,-13.047],[0,0],[0,0],[-2.217,-10.177],[-8.421,-0.148],[0,0]],"v":[[113.29,-54.634],[80.461,-71.247],[41.326,-58.377],[52.03,-49.447],[87.436,-43.193],[85.975,-9.772],[48.22,-12.136],[34.447,-10.494],[64.144,14.129],[137.683,30.741],[275.162,68.668],[297.185,36.123],[293.876,-3.033],[170.185,-33.754],[156.775,-86.71],[145.858,-110.594],[143.134,-72.363]]}],"t":107}],"ix":2}},{"ty":"st","bm":0,"hd":false,"mn":"ADBE Vector Graphic - Stroke","nm":"Stroke 1","lc":1,"lj":1,"ml":4,"o":{"a":0,"k":100,"ix":4},"w":{"a":0,"k":4.5,"ix":5},"c":{"a":0,"k":[0.1098,0.1137,0.1216],"ix":3}},{"ty":"tr","a":{"a":0,"k":[0,0],"ix":1},"s":{"a":0,"k":[100,100],"ix":3},"sk":{"a":0,"k":0,"ix":4},"p":{"a":0,"k":[0,0],"ix":2},"r":{"a":0,"k":0,"ix":6},"sa":{"a":0,"k":0,"ix":5},"o":{"a":0,"k":100,"ix":7}}]},{"ty":"fl","bm":0,"hd":false,"mn":"ADBE Vector Graphic - Fill","nm":"Fill 1","c":{"a":0,"k":[1,1,1],"ix":4},"r":1,"o":{"a":0,"k":100,"ix":5}},{"ty":"tr","a":{"a":0,"k":[147.07,-27.213],"ix":1},"s":{"a":0,"k":[100,100],"ix":3},"sk":{"a":0,"k":0,"ix":4},"p":{"a":0,"k":[437.07,107.787],"ix":2},"r":{"a":0,"k":0,"ix":6},"sa":{"a":0,"k":0,"ix":5},"o":{"a":0,"k":100,"ix":7}}]},{"ty":"gr","bm":0,"hd":false,"mn":"ADBE Vector Group","nm":"wire","ix":6,"cix":2,"np":1,"it":[{"ty":"gr","bm":0,"hd":false,"mn":"ADBE Vector Group","nm":"Group 10","ix":1,"cix":2,"np":2,"it":[{"ty":"sh","bm":0,"hd":false,"mn":"ADBE Vector Shape - Group","nm":"Path 1","ix":1,"d":1,"ks":{"a":1,"k":[{"o":{"x":0.333,"y":0},"i":{"x":0.667,"y":1},"s":[{"c":false,"i":[[0,0],[20.355,-48.409],[-6.238,13.329],[7.584,-15.398],[7.255,26.379],[20.453,7.091],[17.614,-7.978]],"o":[[-60.589,6.221],[-7.436,17.663],[10.719,-14.954],[-7.157,14.56],[-7.141,-26.084],[-10.785,-3.726],[0,0]],"v":[[-71.817,-31.594],[-122.564,92.758],[-144.002,93.48],[-119.543,110.667],[-161.96,107.269],[-189.423,56.661],[-223.813,64.639]]}],"t":70},{"o":{"x":0.333,"y":0},"i":{"x":0.667,"y":1},"s":[{"c":false,"i":[[0,0],[16.666,-48.919],[-6.238,13.329],[7.584,-15.398],[7.255,26.379],[15.325,6.701],[17.614,-7.978]],"o":[[-71.193,5.453],[-6.18,18.14],[10.719,-14.954],[-7.157,14.56],[-7.141,-26.084],[-10.455,-4.571],[0,0]],"v":[[-71.942,-31.574],[-134.563,92.888],[-156.002,93.611],[-131.543,110.798],[-173.96,107.399],[-189.423,56.661],[-223.813,64.639]]}],"t":92},{"s":[{"c":false,"i":[[0,0],[20.355,-48.409],[-6.238,13.329],[7.584,-15.398],[7.255,26.379],[20.453,7.091],[17.614,-7.978]],"o":[[-60.589,6.221],[-7.436,17.663],[10.719,-14.954],[-7.157,14.56],[-7.141,-26.084],[-10.785,-3.726],[0,0]],"v":[[-71.911,-31.619],[-122.564,92.758],[-144.002,93.48],[-119.543,110.667],[-161.96,107.269],[-189.423,56.661],[-223.813,64.639]]}],"t":111}],"ix":2}},{"ty":"st","bm":0,"hd":false,"mn":"ADBE Vector Graphic - Stroke","nm":"Stroke 1","lc":1,"lj":1,"ml":10,"o":{"a":0,"k":100,"ix":4},"w":{"a":0,"k":4.5,"ix":5},"c":{"a":0,"k":[0.1098,0.1137,0.1216],"ix":3}},{"ty":"tr","a":{"a":0,"k":[0,0],"ix":1},"s":{"a":0,"k":[-100,100],"ix":3},"sk":{"a":0,"k":0,"ix":4},"p":{"a":0,"k":[-6,0],"ix":2},"r":{"a":0,"k":0,"ix":6},"sa":{"a":0,"k":0,"ix":5},"o":{"a":0,"k":100,"ix":7}}]},{"ty":"tr","a":{"a":0,"k":[159.957,73.06],"ix":1},"s":{"a":0,"k":[100,100],"ix":3},"sk":{"a":0,"k":0,"ix":4},"p":{"a":0,"k":[448.707,208.06],"ix":2},"r":{"a":0,"k":0,"ix":6},"sa":{"a":0,"k":0,"ix":5},"o":{"a":0,"k":100,"ix":7}}]},{"ty":"gr","bm":0,"hd":false,"mn":"ADBE Vector Group","nm":"Group 113","ix":7,"cix":2,"np":1,"it":[{"ty":"gr","bm":0,"hd":false,"mn":"ADBE Vector Group","nm":"Group 13","ix":1,"cix":2,"np":2,"it":[{"ty":"sh","bm":0,"hd":false,"mn":"ADBE Vector Shape - Group","nm":"Path 1","ix":1,"d":1,"ks":{"a":0,"k":{"c":true,"i":[[0,0],[0,0],[-3.495,-3.51],[0,-4.953],[3.492,-3.491],[4.935,-0.026],[0,0]],"o":[[0,0],[4.953,0.022],[3.495,3.51],[-0.024,4.938],[-3.492,3.492],[0,0],[0,0]],"v":[[32.938,-50.416],[46.186,-50.416],[59.374,-44.901],[64.831,-31.686],[59.341,-18.529],[46.186,-13.038],[32.971,-13.038]]},"ix":2}},{"ty":"fl","bm":0,"hd":false,"mn":"ADBE Vector Graphic - Fill","nm":"Fill 1","c":{"a":0,"k":[0.3059,0.4196,0.9608],"ix":4},"r":1,"o":{"a":0,"k":100,"ix":5}},{"ty":"tr","a":{"a":0,"k":[0,0],"ix":1},"s":{"a":0,"k":[100,100],"ix":3},"sk":{"a":0,"k":0,"ix":4},"p":{"a":0,"k":[0,0],"ix":2},"r":{"a":0,"k":0,"ix":6},"sa":{"a":0,"k":0,"ix":5},"o":{"a":0,"k":100,"ix":7}}]},{"ty":"tr","a":{"a":0,"k":[48.885,-31.727],"ix":1},"s":{"a":0,"k":[100,100],"ix":3},"sk":{"a":0,"k":0,"ix":4},"p":{"a":0,"k":[338.885,103.273],"ix":2},"r":{"a":0,"k":0,"ix":6},"sa":{"a":0,"k":0,"ix":5},"o":{"a":0,"k":100,"ix":7}}]}],"ind":13},{"ty":4,"nm":"MASK left hand","sr":1,"st":0,"op":600,"ip":0,"hd":false,"ddd":0,"bm":0,"hasMask":false,"td":1,"ao":0,"ks":{"a":{"a":0,"k":[443.887,134.954,0],"ix":1},"s":{"a":0,"k":[-100,100,100],"ix":6},"sk":{"a":0,"k":0},"p":{"a":0,"k":[129.012,148.204,0],"ix":2},"r":{"a":0,"k":0,"ix":10},"sa":{"a":0,"k":0},"o":{"a":0,"k":100,"ix":11}},"ef":[],"shapes":[{"ty":"gr","bm":0,"hd":false,"mn":"ADBE Vector Group","nm":"Shape 1","ix":1,"cix":2,"np":3,"it":[{"ty":"sh","bm":0,"hd":false,"mn":"ADBE Vector Shape - Group","nm":"Path 1","ix":1,"d":1,"ks":{"a":0,"k":{"c":true,"i":[[0,0],[0,0],[0,0],[0,0],[0,0],[0,31.4],[31.2,1.1],[0,0]],"o":[[0,0],[0,0],[0,0],[0,0],[31.2,-1.1],[0,-31.5],[0,0],[0,0]],"v":[[306.087,-23.896],[306.087,293.803],[525.587,293.803],[503.587,203.5],[525.587,205.171],[581.687,143.804],[525.587,81.519],[525.587,-23.896]]},"ix":2}},{"ty":"st","bm":0,"hd":false,"mn":"ADBE Vector Graphic - Stroke","nm":"Stroke 1","lc":1,"lj":1,"ml":4,"o":{"a":0,"k":100,"ix":4},"w":{"a":0,"k":4.5,"ix":5},"c":{"a":0,"k":[0.3059,0.4196,0.9608],"ix":3}},{"ty":"fl","bm":0,"hd":false,"mn":"ADBE Vector Graphic - Fill","nm":"Fill 1","c":{"a":0,"k":[1,1,1],"ix":4},"r":1,"o":{"a":0,"k":100,"ix":5}},{"ty":"tr","a":{"a":0,"k":[0,0],"ix":1},"s":{"a":0,"k":[100,100],"ix":3},"sk":{"a":0,"k":0,"ix":4},"p":{"a":0,"k":[-42,-13.5],"ix":2},"r":{"a":0,"k":0,"ix":6},"sa":{"a":0,"k":0,"ix":5},"o":{"a":0,"k":100,"ix":7}}]}],"ind":14},{"ty":4,"nm":"left hand","sr":1,"st":0,"op":70,"ip":0,"hd":false,"ddd":0,"bm":0,"tt":1,"hasMask":false,"ao":0,"ks":{"a":{"a":0,"k":[555.393,158.246,0],"ix":1},"s":{"a":0,"k":[-100,100,100],"ix":6},"sk":{"a":0,"k":0},"p":{"a":1,"k":[{"o":{"x":0.6,"y":0},"i":{"x":0.4,"y":1},"s":[54.643,158.246,0],"t":4,"ti":[0,0,0],"to":[0,0,0]},{"s":[24.447,158.746,0],"t":37}],"ix":2},"r":{"a":1,"k":[{"o":{"x":0.333,"y":0},"i":{"x":0.667,"y":1},"s":[0],"t":4},{"o":{"x":0.333,"y":0},"i":{"x":0.667,"y":1},"s":[1],"t":20},{"s":[0],"t":39}],"ix":10},"sa":{"a":0,"k":0},"o":{"a":0,"k":100,"ix":11}},"ef":[],"shapes":[{"ty":"gr","bm":0,"hd":false,"mn":"ADBE Vector Group","nm":"Shape 2","ix":1,"cix":2,"np":3,"it":[{"ty":"sh","bm":0,"hd":false,"mn":"ADBE Vector Shape - Group","nm":"Path 1","ix":1,"d":1,"ks":{"a":0,"k":{"c":false,"i":[[0,0],[0,0]],"o":[[0,0],[0,0]],"v":[[322.848,96.063],[309.785,96]]},"ix":2}},{"ty":"st","bm":0,"hd":false,"mn":"ADBE Vector Graphic - Stroke","nm":"Stroke 1","lc":1,"lj":1,"ml":4,"o":{"a":0,"k":100,"ix":4},"w":{"a":0,"k":4.5,"ix":5},"c":{"a":0,"k":[0.1098,0.1137,0.1216],"ix":3}},{"ty":"fl","bm":0,"hd":false,"mn":"ADBE Vector Graphic - Fill","nm":"Fill 1","c":{"a":0,"k":[0.3059,0.4196,0.9608],"ix":4},"r":1,"o":{"a":0,"k":100,"ix":5}},{"ty":"tr","a":{"a":0,"k":[0,0],"ix":1},"s":{"a":0,"k":[100,115.584],"ix":3},"sk":{"a":0,"k":0,"ix":4},"p":{"a":0,"k":[0,0],"ix":2},"r":{"a":0,"k":0,"ix":6},"sa":{"a":0,"k":0,"ix":5},"o":{"a":0,"k":100,"ix":7}}]},{"ty":"gr","bm":0,"hd":false,"mn":"ADBE Vector Group","nm":"Shape 1","ix":2,"cix":2,"np":3,"it":[{"ty":"sh","bm":0,"hd":false,"mn":"ADBE Vector Shape - Group","nm":"Path 1","ix":1,"d":1,"ks":{"a":0,"k":{"c":false,"i":[[0,0],[0,0]],"o":[[0,0],[0,0]],"v":[[322.848,96.063],[309.785,96]]},"ix":2}},{"ty":"st","bm":0,"hd":false,"mn":"ADBE Vector Graphic - Stroke","nm":"Stroke 1","lc":1,"lj":1,"ml":4,"o":{"a":0,"k":100,"ix":4},"w":{"a":0,"k":4.5,"ix":5},"c":{"a":0,"k":[0.1098,0.1137,0.1216],"ix":3}},{"ty":"fl","bm":0,"hd":false,"mn":"ADBE Vector Graphic - Fill","nm":"Fill 1","c":{"a":0,"k":[0.3059,0.4196,0.9608],"ix":4},"r":1,"o":{"a":0,"k":100,"ix":5}},{"ty":"tr","a":{"a":0,"k":[0,0],"ix":1},"s":{"a":0,"k":[100,100],"ix":3},"sk":{"a":0,"k":0,"ix":4},"p":{"a":0,"k":[0,0],"ix":2},"r":{"a":0,"k":0,"ix":6},"sa":{"a":0,"k":0,"ix":5},"o":{"a":0,"k":100,"ix":7}}]},{"ty":"gr","bm":0,"hd":false,"mn":"ADBE Vector Group","nm":"finger","ix":3,"cix":2,"np":1,"it":[{"ty":"gr","bm":0,"hd":false,"mn":"ADBE Vector Group","nm":"Group 3","ix":1,"cix":2,"np":2,"it":[{"ty":"sh","bm":0,"hd":false,"mn":"ADBE Vector Shape - Group","nm":"Path 1","ix":1,"d":1,"ks":{"a":1,"k":[{"o":{"x":0.167,"y":0},"i":{"x":0.833,"y":0.833},"s":[{"c":false,"i":[[0,0],[5.451,6.796],[3.975,-0.952],[-8.766,-17.334],[0,0]],"o":[[0,0],[-5.451,-6.796],[-3.972,0.952],[8.766,17.335],[0,0]],"v":[[137.746,-49.316],[98.662,-110.676],[87.022,-117.242],[91.948,-90.978],[121.135,-42.028]]}],"t":4},{"o":{"x":0.167,"y":0.167},"i":{"x":0.667,"y":1},"s":[{"c":false,"i":[[5.953,16.783],[8.766,12.067],[0.553,-4.05],[-9.775,-18.677],[-3.027,-15.333]],"o":[[-10.852,-30.597],[-8.808,-12.124],[-0.55,4.021],[9.007,17.21],[3.027,15.333]],"v":[[137.746,-49.316],[107.516,-109.054],[86.858,-114.369],[102.402,-87.584],[121.135,-42.028]]}],"t":18},{"s":[{"c":false,"i":[[0,0],[5.451,6.796],[3.975,-0.952],[-8.766,-17.334],[0,0]],"o":[[0,0],[-5.451,-6.796],[-3.972,0.952],[8.766,17.335],[0,0]],"v":[[137.746,-49.316],[98.662,-110.676],[87.022,-117.242],[91.948,-90.978],[121.135,-42.028]]}],"t":37}],"ix":2}},{"ty":"st","bm":0,"hd":false,"mn":"ADBE Vector Graphic - Stroke","nm":"Stroke 1","lc":1,"lj":1,"ml":10,"o":{"a":0,"k":100,"ix":4},"w":{"a":0,"k":4.5,"ix":5},"c":{"a":0,"k":[0.1098,0.1137,0.1216],"ix":3}},{"ty":"tr","a":{"a":0,"k":[0,0],"ix":1},"s":{"a":0,"k":[100,100],"ix":3},"sk":{"a":0,"k":0,"ix":4},"p":{"a":0,"k":[0,0],"ix":2},"r":{"a":0,"k":0,"ix":6},"sa":{"a":0,"k":0,"ix":5},"o":{"a":0,"k":100,"ix":7}}]},{"ty":"tr","a":{"a":0,"k":[111.131,-79.804],"ix":1},"s":{"a":0,"k":[100,100],"ix":3},"sk":{"a":0,"k":0,"ix":4},"p":{"a":0,"k":[401.131,55.196],"ix":2},"r":{"a":0,"k":0,"ix":6},"sa":{"a":0,"k":0,"ix":5},"o":{"a":0,"k":100,"ix":7}}]},{"ty":"gr","bm":0,"hd":false,"mn":"ADBE Vector Group","nm":"Group 4","ix":4,"cix":2,"np":1,"it":[{"ty":"gr","bm":0,"hd":false,"mn":"ADBE Vector Group","nm":"Group 4","ix":1,"cix":2,"np":2,"it":[{"ty":"sh","bm":0,"hd":false,"mn":"ADBE Vector Shape - Group","nm":"Path 1","ix":1,"d":1,"ks":{"a":1,"k":[{"o":{"x":0.167,"y":0},"i":{"x":0.667,"y":1},"s":[{"c":false,"i":[[0,0],[5.205,8.437],[2.364,-1.116],[-5.631,-15.217],[0,0]],"o":[[0,0],[-5.202,-8.437],[-2.361,1.116],[2.61,7.141],[0,0]],"v":[[153.112,-54.634],[121.381,-110.676],[109.003,-118.49],[110.236,-98.972],[115.603,-84.789]]}],"t":4},{"o":{"x":0.167,"y":0},"i":{"x":0.667,"y":1},"s":[{"c":false,"i":[[7.246,23.142],[4.884,8.627],[1.483,-4.652],[-4.785,-11.848],[-1.49,-6.612]],"o":[[-7.246,-23.142],[-8.754,-15.462],[-1.195,3.749],[1.251,3.096],[3.017,13.385]],"v":[[153.112,-54.634],[130.24,-107.654],[109.746,-117.979],[117.869,-99.492],[121.25,-86.337]]}],"t":18},{"s":[{"c":false,"i":[[0,0],[5.205,8.437],[2.364,-1.116],[-5.631,-15.217],[0,0]],"o":[[0,0],[-5.202,-8.437],[-2.361,1.116],[2.61,7.141],[0,0]],"v":[[153.112,-54.634],[121.381,-110.676],[109.003,-118.49],[110.236,-98.972],[115.603,-84.789]]}],"t":37}],"ix":2}},{"ty":"st","bm":0,"hd":false,"mn":"ADBE Vector Graphic - Stroke","nm":"Stroke 1","lc":1,"lj":1,"ml":10,"o":{"a":0,"k":100,"ix":4},"w":{"a":0,"k":4.5,"ix":5},"c":{"a":0,"k":[0.1098,0.1137,0.1216],"ix":3}},{"ty":"tr","a":{"a":0,"k":[0,0],"ix":1},"s":{"a":0,"k":[100,100],"ix":3},"sk":{"a":0,"k":0,"ix":4},"p":{"a":0,"k":[0,0],"ix":2},"r":{"a":0,"k":0,"ix":6},"sa":{"a":0,"k":0,"ix":5},"o":{"a":0,"k":100,"ix":7}}]},{"ty":"tr","a":{"a":0,"k":[129.864,-86.781],"ix":1},"s":{"a":0,"k":[100,100],"ix":3},"sk":{"a":0,"k":0,"ix":4},"p":{"a":0,"k":[419.864,48.219],"ix":2},"r":{"a":0,"k":0,"ix":6},"sa":{"a":0,"k":0,"ix":5},"o":{"a":0,"k":100,"ix":7}}]},{"ty":"gr","bm":0,"hd":false,"mn":"ADBE Vector Group","nm":"Group 2","ix":5,"cix":2,"np":2,"it":[{"ty":"gr","bm":0,"hd":false,"mn":"ADBE Vector Group","nm":"Group 2","ix":1,"cix":2,"np":2,"it":[{"ty":"sh","bm":0,"hd":false,"mn":"ADBE Vector Shape - Group","nm":"Path 1","ix":1,"d":1,"ks":{"a":1,"k":[{"o":{"x":0.333,"y":0},"i":{"x":0.667,"y":1},"s":[{"c":false,"i":[[0,0],[15.315,-0.394],[2.856,-3.94],[-10.605,1.543],[-10.785,-14.166],[6.96,-5.795],[5.304,1.297],[1.365,-4.924],[-23.589,-9.849],[-11.949,-1.33],[0,0],[-3.405,13.047],[5.547,12.29],[0,0],[2.214,10.178],[8.421,0.148],[0,0]],"o":[[-4.545,-5.368],[-15.315,0.394],[-2.856,3.94],[10.602,-1.543],[10.785,14.166],[-6.96,5.794],[-5.301,-1.297],[-1.362,4.924],[17.499,7.338],[0,0],[10.845,-8.012],[3.405,-13.047],[0,0],[0,0],[-2.217,-10.177],[-8.421,-0.148],[0,0]],"v":[[113.29,-54.634],[80.461,-71.247],[41.326,-58.377],[52.03,-49.447],[87.436,-43.193],[85.975,-9.772],[48.22,-12.136],[34.447,-10.494],[64.144,14.129],[137.683,30.741],[275.162,68.668],[297.185,36.123],[293.876,-3.033],[170.185,-33.754],[156.775,-86.71],[145.858,-110.594],[143.134,-72.363]]}],"t":4},{"o":{"x":0.333,"y":0},"i":{"x":0.667,"y":1},"s":[{"c":false,"i":[[0,0],[15.315,-0.394],[2.856,-3.94],[-10.605,1.543],[-10.785,-14.166],[6.96,-5.795],[5.304,1.297],[1.365,-4.924],[-23.589,-9.849],[-11.949,-1.33],[0,0],[-3.405,13.047],[5.547,12.29],[0,0],[2.214,10.178],[8.421,0.148],[2.099,-15.048]],"o":[[-4.545,-5.368],[-15.315,0.394],[-2.856,3.94],[10.602,-1.543],[10.785,14.166],[-6.96,5.794],[-5.301,-1.297],[-1.362,4.925],[17.499,7.338],[0,0],[10.845,-8.012],[3.405,-13.047],[0,0],[0,0],[-2.217,-10.177],[-8.421,-0.148],[-2.009,14.402]],"v":[[118.623,-51.561],[80.461,-71.247],[41.326,-58.377],[52.03,-49.447],[87.436,-43.193],[85.975,-9.772],[48.22,-12.136],[34.447,-10.494],[64.144,14.129],[137.683,30.741],[275.162,68.668],[297.185,36.123],[293.876,-3.033],[170.185,-33.754],[160.029,-87.001],[142.358,-110.642],[144.228,-78.098]]}],"t":18},{"s":[{"c":false,"i":[[0,0],[15.315,-0.394],[2.856,-3.94],[-10.605,1.543],[-10.785,-14.166],[6.96,-5.795],[5.304,1.297],[1.365,-4.924],[-23.589,-9.849],[-11.949,-1.33],[0,0],[-3.405,13.047],[5.547,12.29],[0,0],[2.214,10.178],[8.421,0.148],[0,0]],"o":[[-4.545,-5.368],[-15.315,0.394],[-2.856,3.94],[10.602,-1.543],[10.785,14.166],[-6.96,5.794],[-5.301,-1.297],[-1.362,4.924],[17.499,7.338],[0,0],[10.845,-8.012],[3.405,-13.047],[0,0],[0,0],[-2.217,-10.177],[-8.421,-0.148],[0,0]],"v":[[113.29,-54.634],[80.461,-71.247],[41.326,-58.377],[52.03,-49.447],[87.436,-43.193],[85.975,-9.772],[48.22,-12.136],[34.447,-10.494],[64.144,14.129],[137.683,30.741],[275.162,68.668],[297.185,36.123],[293.876,-3.033],[170.185,-33.754],[156.775,-86.71],[145.858,-110.594],[143.134,-72.363]]}],"t":37}],"ix":2}},{"ty":"st","bm":0,"hd":false,"mn":"ADBE Vector Graphic - Stroke","nm":"Stroke 1","lc":1,"lj":1,"ml":4,"o":{"a":0,"k":100,"ix":4},"w":{"a":0,"k":4.5,"ix":5},"c":{"a":0,"k":[0.1098,0.1137,0.1216],"ix":3}},{"ty":"tr","a":{"a":0,"k":[0,0],"ix":1},"s":{"a":0,"k":[100,100],"ix":3},"sk":{"a":0,"k":0,"ix":4},"p":{"a":0,"k":[0,0],"ix":2},"r":{"a":0,"k":0,"ix":6},"sa":{"a":0,"k":0,"ix":5},"o":{"a":0,"k":100,"ix":7}}]},{"ty":"fl","bm":0,"hd":false,"mn":"ADBE Vector Graphic - Fill","nm":"Fill 1","c":{"a":0,"k":[1,1,1],"ix":4},"r":1,"o":{"a":0,"k":100,"ix":5}},{"ty":"tr","a":{"a":0,"k":[147.07,-27.213],"ix":1},"s":{"a":0,"k":[100,100],"ix":3},"sk":{"a":0,"k":0,"ix":4},"p":{"a":0,"k":[437.07,107.787],"ix":2},"r":{"a":0,"k":0,"ix":6},"sa":{"a":0,"k":0,"ix":5},"o":{"a":0,"k":100,"ix":7}}]},{"ty":"gr","bm":0,"hd":false,"mn":"ADBE Vector Group","nm":"wire","ix":6,"cix":2,"np":1,"it":[{"ty":"gr","bm":0,"hd":false,"mn":"ADBE Vector Group","nm":"Group 10","ix":1,"cix":2,"np":2,"it":[{"ty":"sh","bm":0,"hd":false,"mn":"ADBE Vector Shape - Group","nm":"Path 1","ix":1,"d":1,"ks":{"a":1,"k":[{"o":{"x":0.333,"y":0},"i":{"x":0.667,"y":1},"s":[{"c":false,"i":[[0,0],[20.355,-48.409],[-6.238,13.329],[7.584,-15.398],[7.255,26.379],[20.453,7.091],[17.614,-7.978]],"o":[[-60.589,6.221],[-7.436,17.663],[10.719,-14.954],[-7.157,14.56],[-7.141,-26.084],[-10.785,-3.726],[0,0]],"v":[[-71.911,-31.619],[-122.564,92.758],[-144.002,93.48],[-119.543,110.667],[-161.96,107.269],[-189.423,56.661],[-223.813,64.639]]}],"t":4},{"o":{"x":0.333,"y":0},"i":{"x":0.667,"y":1},"s":[{"c":false,"i":[[0,0],[20.355,-48.409],[-6.238,13.329],[7.584,-15.398],[7.256,26.379],[25.507,5.368],[17.614,-7.978]],"o":[[-52.575,4.952],[-7.436,17.663],[10.719,-14.954],[-7.157,14.56],[-7.141,-26.084],[-11.166,-2.35],[0,0]],"v":[[-71.754,-31.597],[-110.064,92.657],[-131.502,93.379],[-107.043,110.566],[-149.46,107.168],[-189.423,56.661],[-223.813,64.639]]}],"t":22},{"s":[{"c":false,"i":[[0,0],[20.355,-48.409],[-6.238,13.329],[7.584,-15.398],[7.255,26.379],[20.453,7.091],[17.614,-7.978]],"o":[[-60.589,6.221],[-7.436,17.663],[10.719,-14.954],[-7.157,14.56],[-7.141,-26.084],[-10.785,-3.726],[0,0]],"v":[[-71.879,-31.65],[-122.564,92.758],[-144.002,93.48],[-119.543,110.667],[-161.96,107.269],[-189.423,56.661],[-223.813,64.639]]}],"t":41}],"ix":2}},{"ty":"st","bm":0,"hd":false,"mn":"ADBE Vector Graphic - Stroke","nm":"Stroke 1","lc":1,"lj":1,"ml":10,"o":{"a":0,"k":100,"ix":4},"w":{"a":0,"k":4.5,"ix":5},"c":{"a":0,"k":[0.1098,0.1137,0.1216],"ix":3}},{"ty":"tr","a":{"a":0,"k":[0,0],"ix":1},"s":{"a":0,"k":[-100,100],"ix":3},"sk":{"a":0,"k":0,"ix":4},"p":{"a":0,"k":[-6,0],"ix":2},"r":{"a":0,"k":0,"ix":6},"sa":{"a":0,"k":0,"ix":5},"o":{"a":0,"k":100,"ix":7}}]},{"ty":"tr","a":{"a":0,"k":[159.957,73.06],"ix":1},"s":{"a":0,"k":[100,100],"ix":3},"sk":{"a":0,"k":0,"ix":4},"p":{"a":0,"k":[448.707,208.06],"ix":2},"r":{"a":0,"k":0,"ix":6},"sa":{"a":0,"k":0,"ix":5},"o":{"a":0,"k":100,"ix":7}}]},{"ty":"gr","bm":0,"hd":false,"mn":"ADBE Vector Group","nm":"Group 113","ix":7,"cix":2,"np":1,"it":[{"ty":"gr","bm":0,"hd":false,"mn":"ADBE Vector Group","nm":"Group 13","ix":1,"cix":2,"np":2,"it":[{"ty":"sh","bm":0,"hd":false,"mn":"ADBE Vector Shape - Group","nm":"Path 1","ix":1,"d":1,"ks":{"a":1,"k":[{"o":{"x":0.333,"y":0},"i":{"x":0.667,"y":1},"s":[{"c":true,"i":[[0,0],[0,0],[-3.495,-3.51],[0,-4.953],[3.492,-3.491],[4.935,-0.026],[0,0]],"o":[[0,0],[4.953,0.022],[3.495,3.51],[-0.024,4.938],[-3.492,3.492],[0,0],[0,0]],"v":[[32.938,-50.416],[46.186,-50.416],[59.374,-44.901],[64.831,-31.686],[59.341,-18.529],[46.186,-13.038],[32.971,-13.038]]}],"t":4},{"s":[{"c":true,"i":[[0,0],[0,0],[-3.495,-3.51],[0,-4.953],[3.492,-3.491],[4.935,-0.026],[0,0]],"o":[[0,0],[4.953,0.022],[3.495,3.51],[-0.024,4.938],[-3.492,3.492],[0,0],[0,0]],"v":[[32.938,-50.416],[46.186,-50.416],[59.374,-44.901],[64.831,-31.686],[59.341,-18.529],[46.186,-13.038],[32.971,-13.038]]}],"t":37}],"ix":2}},{"ty":"fl","bm":0,"hd":false,"mn":"ADBE Vector Graphic - Fill","nm":"Fill 1","c":{"a":0,"k":[0.3059,0.4196,0.9608],"ix":4},"r":1,"o":{"a":0,"k":100,"ix":5}},{"ty":"tr","a":{"a":0,"k":[0,0],"ix":1},"s":{"a":0,"k":[100,100],"ix":3},"sk":{"a":0,"k":0,"ix":4},"p":{"a":0,"k":[0,0],"ix":2},"r":{"a":0,"k":0,"ix":6},"sa":{"a":0,"k":0,"ix":5},"o":{"a":0,"k":100,"ix":7}}]},{"ty":"tr","a":{"a":0,"k":[48.885,-31.727],"ix":1},"s":{"a":0,"k":[100,100],"ix":3},"sk":{"a":0,"k":0,"ix":4},"p":{"a":0,"k":[338.885,103.273],"ix":2},"r":{"a":0,"k":0,"ix":6},"sa":{"a":0,"k":0,"ix":5},"o":{"a":0,"k":100,"ix":7}}]}],"ind":15},{"ty":4,"nm":"green cycle","sr":1,"st":0,"op":600,"ip":0,"hd":false,"ddd":0,"bm":0,"hasMask":false,"ao":0,"ks":{"a":{"a":0,"k":[-205.25,-5.75,0],"ix":1},"s":{"a":0,"k":[100,100,100],"ix":6},"sk":{"a":0,"k":0},"p":{"a":0,"k":[483.5,144.75,0],"ix":2},"r":{"a":0,"k":0,"ix":10},"sa":{"a":0,"k":0},"o":{"a":0,"k":100,"ix":11}},"ef":[],"shapes":[{"ty":"gr","bm":0,"hd":false,"mn":"ADBE Vector Group","nm":"Ellipse 1","ix":1,"cix":2,"np":3,"it":[{"ty":"el","bm":0,"hd":false,"mn":"ADBE Vector Shape - Ellipse","nm":"Ellipse Path 1","d":1,"p":{"a":0,"k":[0,0],"ix":3},"s":{"a":0,"k":[122,122],"ix":2}},{"ty":"st","bm":0,"hd":false,"mn":"ADBE Vector Graphic - Stroke","nm":"Stroke 1","lc":1,"lj":1,"ml":4,"o":{"a":0,"k":100,"ix":4},"w":{"a":0,"k":4.5,"ix":5},"c":{"a":0,"k":[0.3059,0.4196,0.9608],"ix":3}},{"ty":"fl","bm":0,"hd":false,"mn":"ADBE Vector Graphic - Fill","nm":"Fill 1","c":{"a":0,"k":[0.3059,0.4196,0.9608],"ix":4},"r":1,"o":{"a":0,"k":100,"ix":5}},{"ty":"tr","a":{"a":0,"k":[0,0],"ix":1},"s":{"a":0,"k":[100,100],"ix":3},"sk":{"a":0,"k":0,"ix":4},"p":{"a":0,"k":[-205.25,-5.75],"ix":2},"r":{"a":0,"k":0,"ix":6},"sa":{"a":0,"k":0,"ix":5},"o":{"a":0,"k":100,"ix":7}}]}],"ind":16},{"ty":4,"nm":"black cycle","sr":1,"st":0,"op":600,"ip":0,"hd":false,"ddd":0,"bm":0,"hasMask":false,"ao":0,"ks":{"a":{"a":0,"k":[-205.25,-5.75,0],"ix":1},"s":{"a":0,"k":[100,100,100],"ix":6},"sk":{"a":0,"k":0},"p":{"a":0,"k":[92.25,143.75,0],"ix":2},"r":{"a":0,"k":0,"ix":10},"sa":{"a":0,"k":0},"o":{"a":0,"k":100,"ix":11}},"ef":[],"shapes":[{"ty":"gr","bm":0,"hd":false,"mn":"ADBE Vector Group","nm":"Ellipse 1","ix":1,"cix":2,"np":3,"it":[{"ty":"el","bm":0,"hd":false,"mn":"ADBE Vector Shape - Ellipse","nm":"Ellipse Path 1","d":1,"p":{"a":0,"k":[0,0],"ix":3},"s":{"a":0,"k":[122,122],"ix":2}},{"ty":"st","bm":0,"hd":false,"mn":"ADBE Vector Graphic - Stroke","nm":"Stroke 1","lc":1,"lj":1,"ml":4,"o":{"a":0,"k":100,"ix":4},"w":{"a":0,"k":4.5,"ix":5},"c":{"a":0,"k":[0.1098,0.1137,0.1216],"ix":3}},{"ty":"fl","bm":0,"hd":false,"mn":"ADBE Vector Graphic - Fill","nm":"Fill 1","c":{"a":0,"k":[0.1098,0.1137,0.1216],"ix":4},"r":1,"o":{"a":0,"k":100,"ix":5}},{"ty":"tr","a":{"a":0,"k":[0,0],"ix":1},"s":{"a":0,"k":[100,100],"ix":3},"sk":{"a":0,"k":0,"ix":4},"p":{"a":0,"k":[-205.25,-5.75],"ix":2},"r":{"a":0,"k":0,"ix":6},"sa":{"a":0,"k":0,"ix":5},"o":{"a":0,"k":100,"ix":7}}]}],"ind":17}],"v":"5.7.4","fr":60,"op":121,"ip":0,"assets":[]}